step,optimizer,matrix,fro_norm,spectral_norm,stable_rank,topk_energy,row_norm_max_over_mean,col_norm_max_over_mean,singular_values,rel_delta_fro,rel_delta_spectral,top_v_cos,top_u_cos,V_topk_overlap,U_topk_overlap,grad_top_svd_projection_l2,grad_fro_norm
0,adamw,layers.0.attn.q_proj.weight,2.5099360942840576,0.43820920586586,32.806683900881026,0.21315346658229828,1.210518479347229,1.1493866443634033,"[0.43820920586586, 0.4316697120666504, 0.42201048135757446, 0.4098510444164276, 0.408719003200531, 0.39701271057128906, 0.3848676383495331, 0.38156190514564514]",,,,,,,,
0,adamw,layers.0.attn.k_proj.weight,2.5588274002075195,0.4540677070617676,31.757093847344933,0.20894400775432587,1.1633881330490112,1.1742271184921265,"[0.4540677070617676, 0.4188723862171173, 0.41723960638046265, 0.4157642126083374, 0.40349674224853516, 0.4010988473892212, 0.3988955318927765, 0.3958461582660675]",,,,,,,,
0,adamw,layers.0.attn.v_proj.weight,2.5664918422698975,0.43791669607162476,34.347629481490486,0.2100331038236618,1.16145658493042,1.186361312866211,"[0.43791669607162476, 0.42650890350341797, 0.4251497685909271, 0.4169785976409912, 0.4146823585033417, 0.4068782329559326, 0.3995480239391327, 0.3975023031234741]",,,,,,,,
0,adamw,layers.0.attn.o_proj.weight,2.5554041862487793,0.43447425961494446,34.59322887245084,0.21187397837638855,1.1933141946792603,1.1687878370285034,"[0.43447425961494446, 0.4318913519382477, 0.425979346036911, 0.4193149507045746, 0.40785202383995056, 0.4054572880268097, 0.40330907702445984, 0.3969607651233673]",,,,,,,,
0,adamw,layers.0.mlp.gate_proj.weight,4.428025722503662,0.6168933510780334,51.5228752845977,0.13817141950130463,1.2025994062423706,1.0949451923370361,"[0.6168933510780334, 0.6012126803398132, 0.5912564396858215, 0.5768524408340454, 0.5742576718330383, 0.5696948170661926, 0.5631964802742004, 0.5597425103187561]",,,,,,,,
0,adamw,layers.0.mlp.up_proj.weight,4.444814205169678,0.6166309714317322,51.95849411666114,0.13853393495082855,1.1922861337661743,1.0945225954055786,"[0.6166309714317322, 0.6001770496368408, 0.5941001176834106, 0.584189236164093, 0.5808234810829163, 0.5694031715393066, 0.5683828592300415, 0.5635728240013123]",,,,,,,,
0,adamw,layers.0.mlp.down_proj.weight,4.445439338684082,0.6026526093482971,54.41207576444197,0.1377580314874649,1.0824791193008423,1.1506288051605225,"[0.6026526093482971, 0.5968784093856812, 0.5935896039009094, 0.5867235660552979, 0.5823559761047363, 0.5727251768112183, 0.5669663548469543, 0.5636624097824097]",,,,,,,,
0,adamw,layers.1.attn.q_proj.weight,2.5751872062683105,0.4485630393028259,32.95874305577607,0.21483522653579712,1.1854863166809082,1.199429988861084,"[0.4485630393028259, 0.4381527602672577, 0.4300318658351898, 0.4241253435611725, 0.41718852519989014, 0.4133191704750061, 0.40437284111976624, 0.3978772759437561]",,,,,,,,
0,adamw,layers.1.attn.k_proj.weight,2.5886197090148926,0.4469408392906189,33.545666610787,0.21393555402755737,1.1889705657958984,1.1530762910842896,"[0.4469408392906189, 0.4394955635070801, 0.4317407011985779, 0.42148885130882263, 0.4206297695636749, 0.41247719526290894, 0.407022625207901, 0.40481212735176086]",,,,,,,,
0,adamw,layers.1.attn.v_proj.weight,2.5643868446350098,0.4492698311805725,32.580111616811564,0.21237298846244812,1.1655232906341553,1.1592046022415161,"[0.4492698311805725, 0.44211506843566895, 0.43263834714889526, 0.4216388165950775, 0.40840083360671997, 0.3998056650161743, 0.3956829905509949, 0.3887367844581604]",,,,,,,,
0,adamw,layers.1.attn.o_proj.weight,2.543765068054199,0.44162672758102417,33.177472629943736,0.20926649868488312,1.1863813400268555,1.1891995668411255,"[0.44162672758102417, 0.4241584837436676, 0.41884440183639526, 0.4127036929130554, 0.405498206615448, 0.4031536281108856, 0.39225998520851135, 0.39061540365219116]",,,,,,,,
0,adamw,layers.1.mlp.gate_proj.weight,4.4413652420043945,0.6180023550987244,51.64790605081749,0.13724786043167114,1.172709345817566,1.0935535430908203,"[0.6180023550987244, 0.5964836478233337, 0.5896830558776855, 0.5861406326293945, 0.5716198086738586, 0.5695104002952576, 0.5619179010391235, 0.5580907464027405]",,,,,,,,
0,adamw,layers.1.mlp.up_proj.weight,4.401653289794922,0.6095384359359741,52.147016889732306,0.1409856528043747,1.1913999319076538,1.0881023406982422,"[0.6095384359359741, 0.6033794283866882, 0.5890390872955322, 0.5841169953346252, 0.5833191871643066, 0.5732492208480835, 0.5708787441253662, 0.5594577789306641]",,,,,,,,
0,adamw,layers.1.mlp.down_proj.weight,4.435472011566162,0.6270471811294556,50.03561551028066,0.1394977569580078,1.0856362581253052,1.1582483053207397,"[0.6270471811294556, 0.6027712821960449, 0.5955590009689331, 0.5875877737998962, 0.5761946439743042, 0.5672041177749634, 0.5637159943580627, 0.5625209212303162]",,,,,,,,
50,adamw,layers.0.attn.q_proj.weight,2.6146411895751953,0.5695821046829224,21.07227983461023,0.23738984763622284,1.1535481214523315,1.1959871053695679,"[0.5695821046829224, 0.4776960611343384, 0.44700512290000916, 0.4358888566493988, 0.4297232925891876, 0.4217775762081146, 0.40008875727653503, 0.39726629853248596]",0.2547098696231842,0.8618308901786804,0.20350155234336853,0.2355721890926361,0.6935499906539917,0.6908370852470398,0.0003134131256956607,0.0015292445896193385
50,adamw,layers.0.attn.k_proj.weight,2.6637775897979736,0.5625587701797485,22.42126555942843,0.22580379247665405,1.1580339670181274,1.159216046333313,"[0.5625587701797485, 0.45400962233543396, 0.44335779547691345, 0.439451664686203, 0.42332884669303894, 0.41984912753105164, 0.41211938858032227, 0.4057517945766449]",0.2538304626941681,0.8607111573219299,0.4288051426410675,0.44448432326316833,0.6744751930236816,0.6833269596099854,0.00025622546672821045,0.001145129557698965
50,adamw,layers.0.attn.v_proj.weight,2.5251572132110596,0.4417155086994171,32.68071491929149,0.215518981218338,1.163779616355896,1.176113247871399,"[0.4417155086994171, 0.43103858828544617, 0.41854140162467957, 0.4147194027900696, 0.41214317083358765, 0.4043121933937073, 0.39630424976348877, 0.3946847915649414]",0.13975825905799866,0.5348445177078247,0.07800672948360443,0.06287870556116104,0.909551739692688,0.9125089645385742,0.0030164443887770176,0.029776807874441147
50,adamw,layers.0.attn.o_proj.weight,2.5096592903137207,0.43467724323272705,33.33463650718043,0.2144698053598404,1.1773914098739624,1.1504738330841064,"[0.43467724323272705, 0.42785584926605225, 0.4160696268081665, 0.41173386573791504, 0.404812216758728, 0.4037621319293976, 0.3961799740791321, 0.3902760446071625]",0.1413905769586563,0.4946649670600891,0.8238260746002197,0.8216776847839355,0.9001213312149048,0.8987085819244385,0.0018140481552109122,0.039531953632831573
50,adamw,layers.0.mlp.gate_proj.weight,4.622710704803467,0.8123912811279297,32.37896211608943,0.16132082045078278,1.223897933959961,1.080263376235962,"[0.8123912811279297, 0.6967846155166626, 0.6649497151374817, 0.6285342574119568, 0.6211138367652893, 0.6055716872215271, 0.5971803069114685, 0.5962492823600769]",0.24943184852600098,0.8920840620994568,0.08026044815778732,0.06533545255661011,0.5846740007400513,0.5721258521080017,0.004673951771110296,0.021925192326307297
50,adamw,layers.0.mlp.up_proj.weight,4.648350715637207,0.8179216980934143,32.297902333173354,0.16159924864768982,1.208388328552246,1.1039575338363647,"[0.8179216980934143, 0.7379130125045776, 0.6549251675605774, 0.6249538660049438, 0.6229109168052673, 0.6088176369667053, 0.5968330502510071, 0.5863518714904785]",0.24939078092575073,0.910487711429596,0.05598603934049606,0.052937064319849014,0.5797864198684692,0.5697137713432312,0.004256604705005884,0.018867190927267075
50,adamw,layers.0.mlp.down_proj.weight,4.642909526824951,0.9242962002754211,25.232373610352724,0.1778356283903122,1.085773229598999,1.1622650623321533,"[0.9242962002754211, 0.7831774950027466, 0.7107598185539246, 0.6443173885345459, 0.6134076714515686, 0.6092042922973633, 0.5963264107704163, 0.5852503180503845]",0.25503069162368774,1.0404061079025269,0.2810477316379547,0.2940424084663391,0.49955156445503235,0.5028622150421143,0.005363061558455229,0.03408706188201904
50,adamw,layers.1.attn.q_proj.weight,2.655573606491089,0.6457325220108032,16.91263854133248,0.24033375084400177,1.2066019773483276,1.1714218854904175,"[0.6457325220108032, 0.4589633047580719, 0.4372073709964752, 0.43310755491256714, 0.42355337738990784, 0.4218282103538513, 0.41340717673301697, 0.4003225564956665]",0.2364102303981781,1.139917254447937,0.052675627171993256,0.06055532395839691,0.837824285030365,0.842082679271698,2.227579170721583e-05,0.0003153667494188994
50,adamw,layers.1.attn.k_proj.weight,2.6713435649871826,0.6813007593154907,15.373818432125859,0.2444743663072586,1.1952955722808838,1.1315085887908936,"[0.6813007593154907, 0.4453616142272949, 0.44283488392829895, 0.4355470836162567, 0.4275530278682709, 0.4224492907524109, 0.41380035877227783, 0.40468525886535645]",0.2321181744337082,1.1143760681152344,0.26167798042297363,0.30718594789505005,0.8553543090820312,0.8538405895233154,4.4479114876594394e-05,0.0003456929116509855
50,adamw,layers.1.attn.v_proj.weight,2.561567544937134,0.536662220954895,22.782930059514488,0.2262190282344818,1.141376256942749,1.149510145187378,"[0.536662220954895, 0.4431695342063904, 0.425780713558197, 0.4195346534252167, 0.4155038893222809, 0.4007265269756317, 0.3968425989151001, 0.38981014490127563]",0.1591324657201767,0.74394690990448,0.16172271966934204,0.16863644123077393,0.8609205484390259,0.8610800504684448,0.004064763430505991,0.04895418509840965
50,adamw,layers.1.attn.o_proj.weight,2.5491371154785156,0.5609716773033142,20.649261442711335,0.22764632105827332,1.157089352607727,1.2021663188934326,"[0.5609716773033142, 0.43280842900276184, 0.4153628647327423, 0.4129851162433624, 0.4073684811592102, 0.40052470564842224, 0.39803388714790344, 0.3864888548851013]",0.16933615505695343,0.8513712882995605,0.2072855830192566,0.1990407556295395,0.8667418360710144,0.8633713722229004,0.002754498738795519,0.09311558306217194
50,adamw,layers.1.mlp.gate_proj.weight,4.523210048675537,0.7496083378791809,36.41033668197816,0.14767080545425415,1.1782240867614746,1.1033912897109985,"[0.7496083378791809, 0.6189530491828918, 0.612937867641449, 0.5991480946540833, 0.5928230285644531, 0.5807487964630127, 0.5745902061462402, 0.5680783987045288]",0.1736191362142563,0.8468098044395447,0.08643685281276703,0.052438393235206604,0.8000986576080322,0.7942113876342773,0.0007716850959695876,0.02353678084909916
50,adamw,layers.1.mlp.up_proj.weight,4.486362457275391,0.7836430668830872,32.775711197133234,0.1529570072889328,1.1870737075805664,1.087921142578125,"[0.7836430668830872, 0.6173640489578247, 0.6119607090950012, 0.5983198881149292, 0.5879566073417664, 0.5824320912361145, 0.5780401825904846, 0.5760796666145325]",0.17863690853118896,0.8896939754486084,0.039414629340171814,0.051475852727890015,0.828517735004425,0.8230014443397522,0.001594339031726122,0.020419063046574593
50,adamw,layers.1.mlp.down_proj.weight,4.518394470214844,0.8164701461791992,30.625815922526154,0.15575414896011353,1.0824702978134155,1.1524827480316162,"[0.8164701461791992, 0.642024040222168, 0.6168403625488281, 0.6037769913673401, 0.5928890109062195, 0.5836887955665588, 0.5803351402282715, 0.5718440413475037]",0.1806725412607193,0.8717705607414246,0.0628681406378746,0.04567093029618263,0.6723534464836121,0.6770915985107422,0.0025136012118309736,0.03927271068096161
100,adamw,layers.0.attn.q_proj.weight,2.7497923374176025,0.7466132044792175,13.564645920493545,0.28572332859039307,1.1357651948928833,1.2334132194519043,"[0.7466132044792175, 0.5942158699035645, 0.5182328820228577, 0.4784303903579712, 0.4531039297580719, 0.4361071288585663, 0.4329961836338043, 0.411695659160614]",0.1960681825876236,0.5549172759056091,0.9201154112815857,0.9337589144706726,0.8377678990364075,0.8476099371910095,0.0003916484711226076,0.004119252786040306
100,adamw,layers.0.attn.k_proj.weight,2.809699535369873,0.7322896718978882,14.721563662823117,0.2720881998538971,1.1709800958633423,1.1608556509017944,"[0.7322896718978882, 0.5577350854873657, 0.524480402469635, 0.47706788778305054, 0.4643777012825012, 0.45788708329200745, 0.44262003898620605, 0.42043498158454895]",0.19257155060768127,0.4760877788066864,0.9411625266075134,0.9494932293891907,0.734394907951355,0.7315928339958191,0.0003410134231671691,0.002786586992442608
100,adamw,layers.0.attn.v_proj.weight,2.4473302364349365,0.4228212833404541,33.502056882497996,0.21603384613990784,1.167149543762207,1.1719229221343994,"[0.4228212833404541, 0.41172099113464355, 0.41139113903045654, 0.405473917722702, 0.4007411003112793, 0.39070212841033936, 0.39009183645248413, 0.3828340768814087]",0.10211260616779327,0.3019973039627075,0.05667034909129143,0.051788438111543655,0.9374499917030334,0.9396681189537048,0.0020186700858175755,0.0562332458794117
100,adamw,layers.0.attn.o_proj.weight,2.430521249771118,0.424497127532959,32.78304827051719,0.2164943963289261,1.167555332183838,1.1456212997436523,"[0.424497127532959, 0.4143974184989929, 0.4084710478782654, 0.4005787968635559, 0.3967270851135254, 0.3901884853839874, 0.3827856779098511, 0.37884873151779175]",0.10035831481218338,0.28916868567466736,0.9680632948875427,0.9690455198287964,0.9229387640953064,0.9227083325386047,0.00130332144908607,0.05877602472901344
100,adamw,layers.0.mlp.gate_proj.weight,4.806484222412109,0.9787096381187439,24.11833436679636,0.1903052181005478,1.2415839433670044,1.0788428783416748,"[0.9787096381187439, 0.7887868285179138, 0.7455147504806519, 0.7272092700004578, 0.6753163933753967, 0.6707503795623779, 0.6487842798233032, 0.6363400816917419]",0.16263839602470398,0.43456754088401794,0.8791234493255615,0.8544776439666748,0.8134317398071289,0.803467333316803,0.007991445250809193,0.035428423434495926
100,adamw,layers.0.mlp.up_proj.weight,4.8403096199035645,1.0049892663955688,23.196552232759718,0.1913716048002243,1.2113043069839478,1.1062716245651245,"[1.0049892663955688, 0.8251650929450989, 0.7436346411705017, 0.7182098031044006, 0.6888445615768433, 0.6708187460899353, 0.63740074634552, 0.6269493699073792]",0.1662054806947708,0.46329420804977417,0.8976130485534668,0.8747956156730652,0.7446600794792175,0.7310498952865601,0.006121031474322081,0.03226708993315697
100,adamw,layers.0.mlp.down_proj.weight,4.815844535827637,1.0850650072097778,19.698511097554608,0.22306331992149353,1.116483449935913,1.1436513662338257,"[1.0850650072097778, 0.8682295680046082, 0.8437560200691223, 0.7901633977890015, 0.7274567484855652, 0.686140239238739, 0.6817918419837952, 0.6641298532485962]",0.18424294888973236,0.4009081721305847,0.9724817276000977,0.9728549718856812,0.7427978515625,0.7190079092979431,0.011184380389750004,0.04912827908992767
100,adamw,layers.1.attn.q_proj.weight,2.7535088062286377,0.9200035929679871,8.957645943182246,0.2835335433483124,1.2422114610671997,1.1811660528182983,"[0.9200035929679871, 0.4640990197658539, 0.4411618113517761, 0.4374539256095886, 0.4272865056991577, 0.42511725425720215, 0.41962477564811707, 0.4031499922275543]",0.17260050773620605,0.5498575568199158,0.9685989022254944,0.9642558097839355,0.8917996287345886,0.8955591917037964,9.521895844954997e-05,0.0014469600282609463
100,adamw,layers.1.attn.k_proj.weight,2.762319803237915,0.9248058199882507,8.921683356871059,0.2844158113002777,1.2056819200515747,1.142024278640747,"[0.9248058199882507, 0.45797133445739746, 0.4453229010105133, 0.44024306535720825, 0.4301888644695282, 0.42573514580726624, 0.4201870858669281, 0.41256478428840637]",0.16729964315891266,0.509390652179718,0.9587545394897461,0.959708034992218,0.8842005729675293,0.8848644495010376,6.883290916448459e-05,0.0012649678392335773
100,adamw,layers.1.attn.v_proj.weight,2.5375401973724365,0.5372744202613831,22.306607873111684,0.22719843685626984,1.1393203735351562,1.155672550201416,"[0.5372744202613831, 0.43863940238952637, 0.42134329676628113, 0.41619646549224854, 0.4106091856956482, 0.3962906002998352, 0.39367273449897766, 0.3879595696926117]",0.06734587997198105,0.14504657685756683,0.9910996556282043,0.9961462020874023,0.9896015524864197,0.9919461011886597,0.014684831723570824,0.04993640258908272
100,adamw,layers.1.attn.o_proj.weight,2.531471014022827,0.5797630548477173,19.065352729498347,0.2314412146806717,1.1559818983078003,1.2018669843673706,"[0.5797630548477173, 0.43014803528785706, 0.4123668074607849, 0.40834906697273254, 0.40451523661613464, 0.3969348073005676, 0.3946644365787506, 0.385041743516922]",0.05202334746718407,0.10626327991485596,0.9975625872612,0.9952731132507324,0.9957414269447327,0.9952268600463867,0.013630888424813747,0.0813860297203064
100,adamw,layers.1.mlp.gate_proj.weight,4.577168941497803,0.8773152232170105,27.219651095914063,0.15797333419322968,1.2518188953399658,1.1006474494934082,"[0.8773152232170105, 0.635131299495697, 0.6157501339912415, 0.6107991933822632, 0.6011876463890076, 0.5909730792045593, 0.5864498615264893, 0.5742110013961792]",0.09286205470561981,0.3559149503707886,0.9674621820449829,0.9487764239311218,0.830889105796814,0.8239045143127441,0.0032007910776883364,0.030531395226716995
100,adamw,layers.1.mlp.up_proj.weight,4.549503803253174,0.9463896751403809,23.109368487884087,0.16661721467971802,1.194958209991455,1.0838898420333862,"[0.9463896751403809, 0.6435048580169678, 0.625988245010376, 0.6095338463783264, 0.5948319435119629, 0.5882991552352905, 0.5837939977645874, 0.5785858035087585]",0.10376819968223572,0.42738375067710876,0.9704238176345825,0.943001389503479,0.9344855546951294,0.9261273741722107,0.0016928676050156355,0.028103332966566086
100,adamw,layers.1.mlp.down_proj.weight,4.570221424102783,0.8924625515937805,26.223730922258046,0.16739259660243988,1.0873136520385742,1.1685582399368286,"[0.8924625515937805, 0.7032412886619568, 0.6415337920188904, 0.6282186508178711, 0.5999075770378113, 0.5939124822616577, 0.5875938534736633, 0.5840964317321777]",0.10946916043758392,0.32920539379119873,0.98518306016922,0.9758269786834717,0.8453314304351807,0.838788628578186,0.002860297216102481,0.053586024791002274
150,adamw,layers.0.attn.q_proj.weight,2.8732211589813232,0.8569185733795166,11.242399134397695,0.32541635632514954,1.1727607250213623,1.221182107925415,"[0.8569185733795166, 0.6961594223976135, 0.6051119565963745, 0.5312370657920837, 0.48696795105934143, 0.45377084612846375, 0.44849517941474915, 0.41824451088905334]",0.1616237312555313,0.2935539484024048,0.9695286750793457,0.9859229326248169,0.9280195236206055,0.933541476726532,0.0020367507822811604,0.019376471638679504
150,adamw,layers.0.attn.k_proj.weight,2.9623477458953857,0.8669874668121338,11.674719048908843,0.32127469778060913,1.1983647346496582,1.1641916036605835,"[0.8669874668121338, 0.6731482148170471, 0.6179693937301636, 0.5533136129379272, 0.5177141427993774, 0.5000206828117371, 0.46824491024017334, 0.43497905135154724]",0.16756071150302887,0.2990451753139496,0.9870853424072266,0.985187828540802,0.8319535255432129,0.8239200115203857,0.00133236323017627,0.010850316844880581
150,adamw,layers.0.attn.v_proj.weight,2.4090280532836914,0.41874411702156067,33.0968207265393,0.21627351641654968,1.148488163948059,1.1542646884918213,"[0.41874411702156067, 0.40732723474502563, 0.40254640579223633, 0.39870280027389526, 0.3951021432876587, 0.385863721370697, 0.38497525453567505, 0.3737022280693054]",0.09051313251256943,0.1805993616580963,0.9850646257400513,0.9853373765945435,0.9629234075546265,0.9631808996200562,0.0032022695522755384,0.17394311726093292
150,adamw,layers.0.attn.o_proj.weight,2.3911752700805664,0.41904741525650024,32.56090660474573,0.2167735993862152,1.1556832790374756,1.1541047096252441,"[0.41904741525650024, 0.4129636585712433, 0.4015112817287445, 0.39042651653289795, 0.3896028697490692, 0.38200634717941284, 0.3766400218009949, 0.3742859363555908]",0.08774729818105698,0.180697962641716,0.9862521886825562,0.985509991645813,0.9708437919616699,0.9717275500297546,0.006074788048863411,0.17143630981445312
150,adamw,layers.0.mlp.gate_proj.weight,4.890828609466553,1.0564775466918945,21.43109419524745,0.1998874694108963,1.229101300239563,1.0780117511749268,"[1.0564775466918945, 0.818315863609314, 0.7801493406295776, 0.7564994096755981, 0.6994320750236511, 0.6887509822845459, 0.6660131812095642, 0.6383478045463562]",0.11988718062639236,0.20526815950870514,0.9855377674102783,0.9793914556503296,0.959349513053894,0.950414776802063,0.010260636918246746,0.06785508990287781
150,adamw,layers.0.mlp.up_proj.weight,4.9312744140625,1.1038590669631958,19.95680817518798,0.20270906388759613,1.2051787376403809,1.0857250690460205,"[1.1038590669631958, 0.8593709468841553, 0.7952167987823486, 0.7246124744415283, 0.7104110717773438, 0.6872327327728271, 0.6535913348197937, 0.6409087777137756]",0.12014999240636826,0.2126554250717163,0.9854608774185181,0.9814853668212891,0.8816723823547363,0.8760501742362976,0.008125750347971916,0.06405506283044815
150,adamw,layers.0.mlp.down_proj.weight,4.894901275634766,1.0643389225006104,21.150857786967315,0.22690655291080475,1.115407943725586,1.1506849527359009,"[1.0643389225006104, 0.9115489721298218, 0.8867657780647278, 0.8232517838478088, 0.7611249089241028, 0.699211597442627, 0.6933953166007996, 0.6781242489814758]",0.12042726576328278,0.21964845061302185,0.9461153745651245,0.9477448463439941,0.9572605490684509,0.9527164697647095,0.01928778551518917,0.08225075900554657
150,adamw,layers.1.attn.q_proj.weight,2.8596878051757812,1.1517781019210815,6.164524914746072,0.32624560594558716,1.3685890436172485,1.205311894416809,"[1.1517781019210815, 0.46326690912246704, 0.45168960094451904, 0.4408175051212311, 0.43579211831092834, 0.4284994602203369, 0.42208436131477356, 0.42040684819221497]",0.17069943249225616,0.4145457148551941,0.9832570552825928,0.9677431583404541,0.8982818126678467,0.8966051936149597,0.0029873866587877274,0.0049195741303265095
150,adamw,layers.1.attn.k_proj.weight,2.8586935997009277,1.0852079391479492,6.939198230349223,0.3193708658218384,1.307608723640442,1.1855788230895996,"[1.0852079391479492, 0.5082727670669556, 0.47979098558425903, 0.44963598251342773, 0.4418588876724243, 0.4354693293571472, 0.4232480823993683, 0.42135316133499146]",0.17925108969211578,0.34969592094421387,0.9751595258712769,0.9719256162643433,0.9157591462135315,0.914503812789917,0.0026507307775318623,0.005761859007179737
150,adamw,layers.1.attn.v_proj.weight,2.5176260471343994,0.47400566935539246,28.210798180312818,0.21934109926223755,1.1453168392181396,1.1495455503463745,"[0.47400566935539246, 0.43624040484428406, 0.42067205905914307, 0.4159828722476959, 0.40439483523368835, 0.39683467149734497, 0.392672061920166, 0.38740429282188416]",0.0856325626373291,0.24969877302646637,0.9375149011611938,0.9469541907310486,0.9744956493377686,0.9785692691802979,0.01223798654973507,0.09579134732484818
150,adamw,layers.1.attn.o_proj.weight,2.512259006500244,0.5448079109191895,21.26385555253488,0.22713862359523773,1.1580966711044312,1.1997368335723877,"[0.5448079109191895, 0.4283345639705658, 0.4140523076057434, 0.405078262090683, 0.4017086625099182, 0.3939436972141266, 0.3916405141353607, 0.3844674527645111]",0.07162491977214813,0.1523401290178299,0.9952823519706726,0.9892852306365967,0.9911582469940186,0.9900810122489929,0.010846646502614021,0.11906930059194565
150,adamw,layers.1.mlp.gate_proj.weight,4.591492176055908,0.8159147500991821,31.66781713694907,0.15713150799274445,1.4212063550949097,1.093345046043396,"[0.8159147500991821, 0.6572331190109253, 0.6345505714416504, 0.6184356808662415, 0.6126952171325684, 0.604785144329071, 0.5914019346237183, 0.5821599364280701]",0.09606176614761353,0.36241424083709717,0.9812718629837036,0.9393534064292908,0.8864903450012207,0.8675737977027893,0.004306762013584375,0.05857347324490547
150,adamw,layers.1.mlp.up_proj.weight,4.567017078399658,0.8996472954750061,25.77037355280819,0.1659122258424759,1.225737452507019,1.0855770111083984,"[0.8996472954750061, 0.6758552193641663, 0.6351547837257385, 0.6258257031440735, 0.6066085696220398, 0.595250129699707, 0.5827760696411133, 0.5808520317077637]",0.09922435134649277,0.3440287709236145,0.9924757480621338,0.9462045431137085,0.957417905330658,0.9410408735275269,0.0009978485759347677,0.054588861763477325
150,adamw,layers.1.mlp.down_proj.weight,4.589594841003418,0.8986551761627197,26.083300037182255,0.16981928050518036,1.0795835256576538,1.1741002798080444,"[0.8986551761627197, 0.714883029460907, 0.665259599685669, 0.6319766640663147, 0.6095437407493591, 0.5954214930534363, 0.5912080407142639, 0.5838978290557861]",0.09566418826580048,0.24449065327644348,0.9654854536056519,0.9864831566810608,0.9000796675682068,0.8983044028282166,0.00452120928093791,0.05019201710820198
200,adamw,layers.0.attn.q_proj.weight,2.9630260467529297,0.9088209867477417,10.629534448385918,0.35056841373443604,1.2353699207305908,1.2220231294631958,"[0.9088209867477417, 0.7601544857025146, 0.6506791710853577, 0.6118794679641724, 0.5218040347099304, 0.4721873104572296, 0.4496614336967468, 0.4228668510913849]",0.14325591921806335,0.3020366430282593,0.9740471243858337,0.9791578054428101,0.8662778735160828,0.8656225800514221,0.0035708416253328323,0.020125441253185272
200,adamw,layers.0.attn.k_proj.weight,3.0703492164611816,0.9248340129852295,11.021684151093323,0.3528006970882416,1.374786138534546,1.1497586965560913,"[0.9248340129852295, 0.797160804271698, 0.6717149615287781, 0.6129156351089478, 0.5308146476745605, 0.5300767421722412, 0.47899866104125977, 0.4647918939590454]",0.15356934070587158,0.32613641023635864,0.9881531000137329,0.9875250458717346,0.9491016864776611,0.9342334270477295,0.005867709871381521,0.014365901239216328
200,adamw,layers.0.attn.v_proj.weight,2.3761439323425293,0.4153953194618225,32.7206777382955,0.21753303706645966,1.1539909839630127,1.153038501739502,"[0.4153953194618225, 0.40211233496665955, 0.3977271616458893, 0.394462913274765, 0.38867223262786865, 0.3840124011039734, 0.38058584928512573, 0.36985331773757935]",0.08631822466850281,0.18872173130512238,0.9828386902809143,0.9817929267883301,0.9865963459014893,0.9871863126754761,0.0030316298361867666,0.17466753721237183
200,adamw,layers.0.attn.o_proj.weight,2.356226921081543,0.4151497483253479,32.2125176465101,0.21802978217601776,1.1464569568634033,1.1509736776351929,"[0.4151497483253479, 0.4072878956794739, 0.39642783999443054, 0.3877987265586853, 0.38182252645492554, 0.37725722789764404, 0.3746945559978485, 0.3690205216407776]",0.08446114510297775,0.19051946699619293,0.9956017732620239,0.9954228401184082,0.9860341548919678,0.9864342212677002,0.00458969222381711,0.18076050281524658
200,adamw,layers.0.mlp.gate_proj.weight,4.958839416503906,1.0615946054458618,21.81939393850033,0.2009192258119583,1.2129513025283813,1.0749962329864502,"[1.0615946054458618, 0.8243651986122131, 0.799808919429779, 0.7692574262619019, 0.7232674956321716, 0.7024224996566772, 0.6863639950752258, 0.6442073583602905]",0.10231057554483414,0.12555263936519623,0.9967691898345947,0.9929579496383667,0.8649364709854126,0.8598651885986328,0.006240608170628548,0.09929180145263672
200,adamw,layers.0.mlp.up_proj.weight,5.000492095947266,1.1188074350357056,19.97628855232843,0.20427720248699188,1.2100785970687866,1.0725209712982178,"[1.1188074350357056, 0.8669919967651367, 0.8155109286308289, 0.7380520105361938, 0.7234871983528137, 0.7000279426574707, 0.6744710206985474, 0.6529672145843506]",0.10034232586622238,0.12039997428655624,0.9980255365371704,0.9944918155670166,0.9781633019447327,0.9740452766418457,0.004478463903069496,0.09543975442647934
200,adamw,layers.0.mlp.down_proj.weight,4.960853576660156,1.083874225616455,20.948601699454954,0.2287648767232895,1.1110498905181885,1.1471954584121704,"[1.083874225616455, 0.907996654510498, 0.895679771900177, 0.8431195616722107, 0.7879370450973511, 0.7242392897605896, 0.7018874287605286, 0.6925119757652283]",0.09835260361433029,0.14859947562217712,0.9858761429786682,0.9888786673545837,0.9331372976303101,0.9328325986862183,0.010208153165876865,0.11635050922632217
200,adamw,layers.1.attn.q_proj.weight,3.060814619064331,1.551565408706665,3.8916509139113695,0.4046117067337036,1.471470594406128,1.2809420824050903,"[1.551565408706665, 0.4694729447364807, 0.4631190001964569, 0.4486902952194214, 0.4460534155368805, 0.43290281295776367, 0.427365779876709, 0.4219818413257599]",0.19164274632930756,0.4119957685470581,0.9928097128868103,0.98580002784729,0.9599219560623169,0.9545137286186218,0.004293906968086958,0.012545838952064514
200,adamw,layers.1.attn.k_proj.weight,3.00770902633667,1.2862216234207153,5.468145038102449,0.3752039074897766,1.4699575901031494,1.254584789276123,"[1.2862216234207153, 0.6596732139587402, 0.555098295211792, 0.469682514667511, 0.46000969409942627, 0.4386129677295685, 0.436387300491333, 0.42604783177375793]",0.17806580662727356,0.2891913950443268,0.9871289730072021,0.9872504472732544,0.8909133672714233,0.8919416069984436,0.004410692024976015,0.02147606760263443
200,adamw,layers.1.attn.v_proj.weight,2.510274648666382,0.4568917751312256,30.18671122704252,0.21698743104934692,1.1535495519638062,1.146044135093689,"[0.4568917751312256, 0.42838671803474426, 0.4239363968372345, 0.4207132160663605, 0.3985726535320282, 0.3963666260242462, 0.39236319065093994, 0.38527747988700867]",0.08781568706035614,0.23730580508708954,0.8905202150344849,0.9004080295562744,0.9478016495704651,0.9508885145187378,0.005182963330298662,0.1510448306798935
200,adamw,layers.1.attn.o_proj.weight,2.5027737617492676,0.5117111802101135,23.921773554105553,0.22342027723789215,1.1599832773208618,1.1987239122390747,"[0.5117111802101135, 0.4305039644241333, 0.41362515091896057, 0.40603309869766235, 0.40231290459632874, 0.39399948716163635, 0.38976773619651794, 0.3838435113430023]",0.10193420946598053,0.21945397555828094,0.9886764287948608,0.9851683378219604,0.9736301302909851,0.9723494052886963,0.0038478474598377943,0.13449902832508087
200,adamw,layers.1.mlp.gate_proj.weight,4.628668308258057,0.8634822368621826,28.734609841045298,0.16326536238193512,1.5030018091201782,1.0915404558181763,"[0.8634822368621826, 0.6799145936965942, 0.6550402045249939, 0.6292526721954346, 0.6215453743934631, 0.6123345494270325, 0.5975269675254822, 0.5887760519981384]",0.084891177713871,0.2752179205417633,0.9887902140617371,0.9666427373886108,0.957465648651123,0.9434009194374084,0.008068601600825787,0.0802464634180069
200,adamw,layers.1.mlp.up_proj.weight,4.605008602142334,0.9437164664268494,23.811010459230552,0.1719345599412918,1.2600618600845337,1.0907589197158813,"[0.9437164664268494, 0.6958197355270386, 0.6567303538322449, 0.6352501511573792, 0.6206981539726257, 0.5995078086853027, 0.5888853073120117, 0.5873667001724243]",0.08676726371049881,0.24846509099006653,0.9912325739860535,0.9689799547195435,0.8809849619865417,0.8695662617683411,0.004904185887426138,0.06980039924383163
200,adamw,layers.1.mlp.down_proj.weight,4.631052017211914,0.9337212443351746,24.599418328109145,0.17486320436000824,1.073973536491394,1.1802228689193726,"[0.9337212443351746, 0.7230215668678284, 0.6888502836227417, 0.6417567133903503, 0.627395749092102, 0.6068258285522461, 0.5991329550743103, 0.5902940034866333]",0.10946901887655258,0.2218257039785385,0.9721255302429199,0.9798937439918518,0.8649584054946899,0.8589470386505127,0.012968406081199646,0.07705768942832947
250,adamw,layers.0.attn.q_proj.weight,3.049804449081421,0.9538918733596802,10.222230970461268,0.3769327998161316,1.3209905624389648,1.2286163568496704,"[0.9538918733596802, 0.8107555508613586, 0.7264700531959534, 0.6398298740386963, 0.5834789872169495, 0.48939043283462524, 0.46546146273612976, 0.45275378227233887]",0.12574338912963867,0.2268877625465393,0.9916866421699524,0.9918179512023926,0.9096801280975342,0.9085793495178223,0.0020395375322550535,0.030505960807204247
250,adamw,layers.0.attn.k_proj.weight,3.173372507095337,0.9713596701622009,10.67288853024123,0.38044849038124084,1.3436847925186157,1.1604225635528564,"[0.9713596701622009, 0.857792854309082, 0.7491432428359985, 0.6563087105751038, 0.5917547941207886, 0.5527276396751404, 0.5087684392929077, 0.49537283182144165]",0.1327696293592453,0.2455858439207077,0.9943411946296692,0.9934312701225281,0.9177614450454712,0.9062008261680603,0.0022336961701512337,0.021394098177552223
250,adamw,layers.0.attn.v_proj.weight,2.354768753051758,0.413091778755188,32.494018604613736,0.21946683526039124,1.1531825065612793,1.151035189628601,"[0.413091778755188, 0.40203940868377686, 0.3959372639656067, 0.3922858238220215, 0.38525617122650146, 0.3813965320587158, 0.37869590520858765, 0.3697263300418854]",0.07842489331960678,0.15497387945652008,0.991879403591156,0.992113471031189,0.9903082847595215,0.9907130599021912,0.005515239667147398,0.2561095654964447
250,adamw,layers.0.attn.o_proj.weight,2.3339529037475586,0.4128764271736145,31.95538105724531,0.21984422206878662,1.1520187854766846,1.1476701498031616,"[0.4128764271736145, 0.40603700280189514, 0.39416277408599854, 0.38571834564208984, 0.378558486700058, 0.3778655529022217, 0.37224873900413513, 0.3652825653553009]",0.07880044728517532,0.17008326947689056,0.9822938442230225,0.9815255403518677,0.9908365607261658,0.9909253120422363,0.006118502002209425,0.23747996985912323
250,adamw,layers.0.mlp.gate_proj.weight,5.008105278015137,1.0483990907669067,22.81884342583264,0.19908511638641357,1.21665358543396,1.0774567127227783,"[1.0483990907669067, 0.8373675346374512, 0.7970483899116516, 0.7717336416244507, 0.735394299030304, 0.7135555148124695, 0.6964295506477356, 0.6535400152206421]",0.08827008306980133,0.09384918957948685,0.9977926015853882,0.9958794713020325,0.9879668354988098,0.985202431678772,0.00781865231692791,0.14036622643470764
250,adamw,layers.0.mlp.up_proj.weight,5.049378871917725,1.1195309162139893,20.34247235462765,0.20325474441051483,1.1967053413391113,1.0798399448394775,"[1.1195309162139893, 0.8682365417480469, 0.8281331658363342, 0.7458692789077759, 0.7251467108726501, 0.7068334817886353, 0.6866406202316284, 0.66029953956604]",0.08730325102806091,0.08893489837646484,0.9984232187271118,0.9963865280151367,0.9827092289924622,0.9791948199272156,0.007099744398146868,0.13287866115570068
250,adamw,layers.0.mlp.down_proj.weight,5.008391380310059,1.0854096412658691,21.291642672842123,0.22889572381973267,1.110917329788208,1.1503701210021973,"[1.0854096412658691, 0.9087257981300354, 0.8961285948753357, 0.8459120988845825, 0.7974768280982971, 0.7413244843482971, 0.7269423007965088, 0.710729718208313]",0.08069757372140884,0.105402372777462,0.9918093681335449,0.9931707978248596,0.8547572493553162,0.8588025569915771,0.04881118983030319,0.17682060599327087
250,adamw,layers.1.attn.q_proj.weight,3.170214891433716,1.7179607152938843,3.4052652470300067,0.4387872517108917,1.5254853963851929,1.3168470859527588,"[1.7179607152938843, 0.5047121644020081, 0.4839760363101959, 0.4569103419780731, 0.4477749764919281, 0.4401276409626007, 0.4336134195327759, 0.4225746691226959]",0.12481849640607834,0.16889621317386627,0.9981961250305176,0.9945845603942871,0.923099935054779,0.9176262617111206,0.004459024872630835,0.01817326806485653
250,adamw,layers.1.attn.k_proj.weight,3.090970277786255,1.367233157157898,5.110983676379547,0.4022509753704071,1.493298888206482,1.2852823734283447,"[1.367233157157898, 0.7724902033805847, 0.5697850584983826, 0.49380427598953247, 0.4787563681602478, 0.4513792395591736, 0.43810805678367615, 0.4285927712917328]",0.12188170850276947,0.17280213534832,0.9969853758811951,0.9974324107170105,0.9537699818611145,0.9579777121543884,0.006632572039961815,0.0426742285490036
250,adamw,layers.1.attn.v_proj.weight,2.5095760822296143,0.45378851890563965,30.58396060748539,0.21722610294818878,1.1547566652297974,1.1480320692062378,"[0.45378851890563965, 0.4264333248138428, 0.4256865680217743, 0.42258569598197937, 0.4000213146209717, 0.39646655321121216, 0.3932773768901825, 0.3855603039264679]",0.06648822873830795,0.14677861332893372,0.9798699021339417,0.9814469814300537,0.9497272372245789,0.950800895690918,0.023554984480142593,0.30385997891426086
250,adamw,layers.1.attn.o_proj.weight,2.498450756072998,0.49419519305229187,25.559040989160223,0.2223893105983734,1.1655207872390747,1.1891083717346191,"[0.49419519305229187, 0.43802428245544434, 0.4193260669708252, 0.4049178659915924, 0.4008879065513611, 0.39220699667930603, 0.3867484927177429, 0.38498350977897644]",0.0925949364900589,0.1795973926782608,0.9831101894378662,0.9818705320358276,0.9695504903793335,0.968060314655304,0.043838828802108765,0.20220932364463806
250,adamw,layers.1.mlp.gate_proj.weight,4.658329963684082,0.8920574188232422,27.269355681856776,0.16637709736824036,1.5295920372009277,1.0971064567565918,"[0.8920574188232422, 0.6805332899093628, 0.6648032665252686, 0.6429410576820374, 0.6298976540565491, 0.6154339909553528, 0.6040201187133789, 0.5964841246604919]",0.07412859052419662,0.1771954596042633,0.9962031245231628,0.9857839941978455,0.97214275598526,0.9645185470581055,0.009279321879148483,0.12614114582538605
250,adamw,layers.1.mlp.up_proj.weight,4.631089687347412,0.9503561854362488,23.746169976474,0.17373232543468475,1.2713721990585327,1.0952227115631104,"[0.9503561854362488, 0.7062533497810364, 0.6657046675682068, 0.6375898718833923, 0.6310438513755798, 0.603850245475769, 0.598808765411377, 0.5941042900085449]",0.07611925154924393,0.15643714368343353,0.9958992600440979,0.987255334854126,0.9603279232978821,0.9532219767570496,0.008481205441057682,0.12078385055065155
250,adamw,layers.1.mlp.down_proj.weight,4.662298679351807,0.9175695180892944,25.81797814211041,0.17528198659420013,1.0812909603118896,1.180262565612793,"[0.9175695180892944, 0.7292597889900208, 0.6948319673538208, 0.6492370367050171, 0.6438226103782654, 0.6213278770446777, 0.61181640625, 0.5976455807685852]",0.09382566064596176,0.16305238008499146,0.9846763610839844,0.9910381436347961,0.8238694667816162,0.8234803080558777,0.022796953096985817,0.1026979312300682
300,adamw,layers.0.attn.q_proj.weight,3.0997607707977295,0.9915949702262878,9.772096006859705,0.3921441435813904,1.3692842721939087,1.2434887886047363,"[0.9915949702262878, 0.8471174836158752, 0.7647865414619446, 0.6536293029785156, 0.603252649307251, 0.49700790643692017, 0.48776915669441223, 0.45395439863204956]",0.09268676489591599,0.11757758259773254,0.9933412075042725,0.9933096170425415,0.9877488017082214,0.9857089519500732,0.003805078100413084,0.02578863874077797
300,adamw,layers.0.attn.k_proj.weight,3.226792097091675,1.0079091787338257,10.249417140284304,0.3931237459182739,1.41213059425354,1.1626307964324951,"[1.0079091787338257, 0.881004810333252, 0.8054882287979126, 0.6559956073760986, 0.6217818856239319, 0.554940402507782, 0.5171292424201965, 0.5099917054176331]",0.09062840044498444,0.11846264451742172,0.9959291219711304,0.9947389960289001,0.9816559553146362,0.9778274893760681,0.0033715637400746346,0.01945462077856064
300,adamw,layers.0.attn.v_proj.weight,2.3331620693206787,0.41055992245674133,32.295105637921,0.21993733942508698,1.1367859840393066,1.148030400276184,"[0.41055992245674133, 0.399193674325943, 0.39247339963912964, 0.38947078585624695, 0.38103988766670227, 0.3791341781616211, 0.3753223717212677, 0.36581775546073914]",0.0740063413977623,0.12762753665447235,0.9979125261306763,0.9977219700813293,0.9936545491218567,0.9935961961746216,0.004786503501236439,0.25462090969085693
300,adamw,layers.0.attn.o_proj.weight,2.31097149848938,0.408413827419281,32.017565303070356,0.21979983150959015,1.1583181619644165,1.1512336730957031,"[0.408413827419281, 0.40100061893463135, 0.3891875445842743, 0.3852458894252777, 0.37607094645500183, 0.37193796038627625, 0.36908695101737976, 0.36108604073524475]",0.07744206488132477,0.13891483843326569,0.9967321753501892,0.9962246417999268,0.9830225706100464,0.9834737181663513,0.008801515214145184,0.24484281241893768
300,adamw,layers.0.mlp.gate_proj.weight,5.044703960418701,1.039941668510437,23.531705860057713,0.19690057635307312,1.2234578132629395,1.0677592754364014,"[1.039941668510437, 0.8402083516120911, 0.794880211353302, 0.7718202471733093, 0.738248348236084, 0.7220034599304199, 0.7041460275650024, 0.6586652398109436]",0.0810195654630661,0.08558142185211182,0.9985328912734985,0.996494710445404,0.9877161979675293,0.9854001998901367,0.007566696498543024,0.16320766508579254
300,adamw,layers.0.mlp.up_proj.weight,5.085329532623291,1.1153967380523682,20.786408663220772,0.20080187916755676,1.2069365978240967,1.0830796957015991,"[1.1153967380523682, 0.8630839586257935, 0.8277433514595032, 0.7513634562492371, 0.7284278869628906, 0.7086999416351318, 0.6916843056678772, 0.665457546710968]",0.07934136688709259,0.07703033834695816,0.999186098575592,0.9975857734680176,0.9890418648719788,0.986764132976532,0.00423363596200943,0.15363508462905884
300,adamw,layers.0.mlp.down_proj.weight,5.045024871826172,1.0887082815170288,21.47353627878154,0.22897343337535858,1.1036345958709717,1.147600531578064,"[1.0887082815170288, 0.9093589782714844, 0.8796995282173157, 0.8478718400001526, 0.7979531288146973, 0.7683073878288269, 0.7525897026062012, 0.7276700735092163]",0.07398355007171631,0.09813177585601807,0.9944967031478882,0.9956808090209961,0.8995339870452881,0.9028798937797546,0.014505579136312008,0.17714624106884003
300,adamw,layers.1.attn.q_proj.weight,3.253258228302002,1.8274037837982178,3.1693341785380773,0.46230053901672363,1.5525727272033691,1.3289217948913574,"[1.8274037837982178, 0.5564698576927185, 0.49555641412734985, 0.4682729244232178, 0.45271730422973633, 0.4515600800514221, 0.4378339648246765, 0.4223357141017914]",0.10175152122974396,0.10813304781913757,0.999016284942627,0.9968887567520142,0.8581472039222717,0.8577808737754822,0.005335703957825899,0.02220172807574272
300,adamw,layers.1.attn.k_proj.weight,3.150092124938965,1.4295740127563477,4.855491747409113,0.41904234886169434,1.5200892686843872,1.3232207298278809,"[1.4295740127563477, 0.8089871406555176, 0.5769217014312744, 0.5269841551780701, 0.5102416276931763, 0.45979535579681396, 0.43967533111572266, 0.4294464886188507]",0.09727071970701218,0.12643907964229584,0.996842086315155,0.9981731176376343,0.9732770919799805,0.9747269749641418,0.009302648715674877,0.0459473617374897
300,adamw,layers.1.attn.v_proj.weight,2.507305145263672,0.4522392451763153,30.738161538782734,0.21709397435188293,1.1468943357467651,1.1499992609024048,"[0.4522392451763153, 0.4281914532184601, 0.4232359230518341, 0.41935020685195923, 0.4012719690799713, 0.39516231417655945, 0.3943972885608673, 0.386271208524704]",0.05804204195737839,0.11722458153963089,0.9916067123413086,0.9928089380264282,0.9889735579490662,0.9894651174545288,0.010961153544485569,0.2483486831188202
300,adamw,layers.1.attn.o_proj.weight,2.4919958114624023,0.4840005040168762,26.50958861499313,0.22173121571540833,1.16764235496521,1.1845706701278687,"[0.4840005040168762, 0.43614059686660767, 0.42041242122650146, 0.4037148356437683, 0.40142011642456055, 0.391151487827301, 0.3876822590827942, 0.3851205110549927]",0.07868224382400513,0.14291583001613617,0.9842450618743896,0.9835749864578247,0.9652847051620483,0.9647683501243591,0.00871980469673872,0.1802595853805542
300,adamw,layers.1.mlp.gate_proj.weight,4.688930034637451,0.9133713245391846,26.354377322786323,0.1694883406162262,1.5787732601165771,1.0924052000045776,"[0.9133713245391846, 0.7003039717674255, 0.6730183362960815, 0.6523727774620056, 0.6367812752723694, 0.6207568049430847, 0.6102529764175415, 0.59993976354599]",0.07107698172330856,0.13886743783950806,0.9977430105209351,0.991754949092865,0.9537182450294495,0.9471421837806702,0.011311881244182587,0.10812413692474365
300,adamw,layers.1.mlp.up_proj.weight,4.659231185913086,0.9713844656944275,23.00627000419032,0.17621184885501862,1.276116967201233,1.1047143936157227,"[0.9713844656944275, 0.711570680141449, 0.6720706224441528, 0.642184317111969, 0.6400830745697021, 0.6074845194816589, 0.606384813785553, 0.6040191054344177]",0.07273057848215103,0.14140598475933075,0.9985306859016418,0.993323028087616,0.9684973359107971,0.961754322052002,0.00735564436763525,0.09817410260438919
300,adamw,layers.1.mlp.down_proj.weight,4.691771984100342,0.9078930616378784,26.705726750043112,0.17687605321407318,1.082099199295044,1.17573082447052,"[0.9078930616378784, 0.736672580242157, 0.692980945110321, 0.6691334247589111, 0.657376229763031, 0.6396346092224121, 0.6193234920501709, 0.6113671064376831]",0.08412066847085953,0.14757245779037476,0.9864981770515442,0.9906966090202332,0.9170034527778625,0.9191010594367981,0.014518030919134617,0.10226140171289444
350,adamw,layers.0.attn.q_proj.weight,3.143360137939453,1.0147998332977295,9.594614023652447,0.40179091691970825,1.4262168407440186,1.2609996795654297,"[1.0147998332977295, 0.8799846172332764, 0.7912983298301697, 0.6646949052810669, 0.6113505959510803, 0.5140771865844727, 0.4988018870353699, 0.45933735370635986]",0.08824191242456436,0.10385042428970337,0.9938820600509644,0.9946774840354919,0.9879517555236816,0.9868980050086975,0.004051350522786379,0.03576916828751564
350,adamw,layers.0.attn.k_proj.weight,3.2717857360839844,1.029402256011963,10.10181656303107,0.4016834795475006,1.5174320936203003,1.1795439720153809,"[1.029402256011963, 0.9032163023948669, 0.8452513813972473, 0.6703431606292725, 0.6368330717086792, 0.557669997215271, 0.5299384593963623, 0.5130190849304199]",0.08372020721435547,0.10637269169092178,0.9939835667610168,0.9936519861221313,0.9764069318771362,0.9733157157897949,0.0044339727610349655,0.03248455747961998
350,adamw,layers.0.attn.v_proj.weight,2.3167810440063477,0.4094966948032379,32.008784362007226,0.22117863595485687,1.1391983032226562,1.1541019678115845,"[0.4094966948032379, 0.39854028820991516, 0.3914928436279297, 0.3850351572036743, 0.3801400065422058, 0.37833014130592346, 0.371498703956604, 0.365347683429718]",0.0742163136601448,0.13286875188350677,0.9959547519683838,0.9959514737129211,0.9940629601478577,0.9944321513175964,0.004945136606693268,0.33645400404930115
350,adamw,layers.0.attn.o_proj.weight,2.29298996925354,0.4056600332260132,31.9506623743926,0.21933133900165558,1.1654062271118164,1.1552488803863525,"[0.4056600332260132, 0.39615821838378906, 0.3887834846973419, 0.3804621398448944, 0.3738228380680084, 0.36632657051086426, 0.36507466435432434, 0.35857659578323364]",0.07493171840906143,0.13326436281204224,0.9958180785179138,0.9956485033035278,0.9838722348213196,0.9834550023078918,0.004265712108463049,0.3149840831756592
350,adamw,layers.0.mlp.gate_proj.weight,5.077446460723877,1.0319976806640625,24.20657040673556,0.19423919916152954,1.2252662181854248,1.0687686204910278,"[1.0319976806640625, 0.8403908610343933, 0.7933667898178101, 0.7727910876274109, 0.7374953627586365, 0.7259542942047119, 0.7042260766029358, 0.6654476523399353]",0.07616234570741653,0.07667829841375351,0.9986120462417603,0.9976130127906799,0.9422508478164673,0.9401431679725647,0.0034993323497474194,0.19409534335136414
350,adamw,layers.0.mlp.up_proj.weight,5.1177167892456055,1.104368805885315,21.474558078452684,0.19778183102607727,1.20152747631073,1.0867187976837158,"[1.104368805885315, 0.864311933517456, 0.8312803506851196, 0.7502493858337402, 0.7284504175186157, 0.7082384824752808, 0.6922871470451355, 0.6693562269210815]",0.07547441869974136,0.07046467810869217,0.999011218547821,0.9980177879333496,0.9910790324211121,0.9892792701721191,0.005330193322151899,0.18583393096923828
350,adamw,layers.0.mlp.down_proj.weight,5.077560901641846,1.1054435968399048,21.097796813272154,0.22821727395057678,1.1087875366210938,1.149048924446106,"[1.1054435968399048, 0.8990985155105591, 0.8801701664924622, 0.8465827703475952, 0.802129864692688, 0.7780768871307373, 0.7573440670967102, 0.7346044182777405]",0.06866646558046341,0.08583025634288788,0.996249258518219,0.9969491362571716,0.9881002306938171,0.9924618005752563,0.012673773802816868,0.21441791951656342
350,adamw,layers.1.attn.q_proj.weight,3.331101894378662,1.902368187904358,3.0661026116382457,0.4806399941444397,1.6650792360305786,1.3298009634017944,"[1.902368187904358, 0.6309053897857666, 0.5292706489562988, 0.4788914620876312, 0.4631812274456024, 0.4554319679737091, 0.4420371651649475, 0.4352376461029053]",0.09303716570138931,0.080766461789608,0.9995697736740112,0.9982930421829224,0.9449225664138794,0.9402672052383423,0.002843273337930441,0.027467329055070877
350,adamw,layers.1.attn.k_proj.weight,3.2031960487365723,1.4767565727233887,4.704887195067217,0.4328344464302063,1.5219285488128662,1.3472298383712769,"[1.4767565727233887, 0.8492766618728638, 0.5964371562004089, 0.5569790601730347, 0.5180737972259521, 0.47433024644851685, 0.441349059343338, 0.42995429039001465]",0.07881921529769897,0.08347807824611664,0.9990069270133972,0.998563289642334,0.9698532819747925,0.9707342386245728,0.006200658623129129,0.05610930174589157
350,adamw,layers.1.attn.v_proj.weight,2.508544921875,0.45589759945869446,30.27674299399533,0.21727289259433746,1.1527944803237915,1.153631329536438,"[0.45589759945869446, 0.42817923426628113, 0.42354050278663635, 0.41735443472862244, 0.4026046395301819, 0.3965083062648773, 0.39511534571647644, 0.3835071623325348]",0.05404657870531082,0.10536955296993256,0.9849496483802795,0.9854516983032227,0.9466747641563416,0.9474111795425415,0.011094549670815468,0.388675332069397
350,adamw,layers.1.attn.o_proj.weight,2.489643096923828,0.4768024682998657,27.26447858281493,0.2211599349975586,1.16851007938385,1.178820252418518,"[0.4768024682998657, 0.43660658597946167, 0.418076753616333, 0.40768277645111084, 0.39916539192199707, 0.3932812809944153, 0.38868191838264465, 0.3831240236759186]",0.07347641885280609,0.13114240765571594,0.9822174906730652,0.9816774725914001,0.9702633023262024,0.9701746702194214,0.021341942250728607,0.23559486865997314
350,adamw,layers.1.mlp.gate_proj.weight,4.714923858642578,0.9216657280921936,26.16992572819616,0.1709660440683365,1.59086012840271,1.0928220748901367,"[0.9216657280921936, 0.7157281041145325, 0.677253246307373, 0.6606548428535461, 0.6441723108291626, 0.625451922416687, 0.6131817698478699, 0.6013733744621277]",0.0671587884426117,0.11818451434373856,0.9989265203475952,0.9941283464431763,0.9758692979812622,0.9705882668495178,0.009258674457669258,0.11773719638586044
350,adamw,layers.1.mlp.up_proj.weight,4.6798810958862305,0.9602868556976318,23.750221761441267,0.17651917040348053,1.244438648223877,1.10964834690094,"[0.9602868556976318, 0.7200345993041992, 0.6700369715690613, 0.6535512208938599, 0.6502138376235962, 0.6170390248298645, 0.6142815351486206, 0.6070083975791931]",0.06948108226060867,0.12405668199062347,0.998349666595459,0.9927681088447571,0.9795229434967041,0.974911093711853,0.009323912672698498,0.11561644077301025
350,adamw,layers.1.mlp.down_proj.weight,4.71477746963501,0.8936640620231628,27.833883942989036,0.17772966623306274,1.0743026733398438,1.169498324394226,"[0.8936640620231628, 0.7378862500190735, 0.6980671286582947, 0.687544584274292, 0.6672229170799255, 0.6516050696372986, 0.6306581497192383, 0.6165608763694763]",0.07686854153871536,0.14086948335170746,0.98457932472229,0.9870210886001587,0.9396114349365234,0.941999077796936,0.014750147238373756,0.11123047024011612
400,adamw,layers.0.attn.q_proj.weight,3.1870806217193604,1.042051076889038,9.354230901887659,0.41294172406196594,1.4699045419692993,1.2500098943710327,"[1.042051076889038, 0.9175004363059998, 0.8264520168304443, 0.672057032585144, 0.6187637448310852, 0.5237289667129517, 0.5070880055427551, 0.4666764438152313]",0.08332012593746185,0.10038025677204132,0.9940821528434753,0.9932479858398438,0.9916563630104065,0.9903261065483093,0.002335656899958849,0.02841206267476082
400,adamw,layers.0.attn.k_proj.weight,3.321216583251953,1.0520236492156982,9.966516497505953,0.4121994972229004,1.582870602607727,1.1820584535598755,"[1.0520236492156982, 0.9394003748893738, 0.886658787727356, 0.6901352405548096, 0.6351978778839111, 0.5679194927215576, 0.543007493019104, 0.5236560702323914]",0.07808840274810791,0.09249824285507202,0.9973257184028625,0.9960509538650513,0.9917830228805542,0.9882367253303528,0.0035617162939161062,0.02508041076362133
400,adamw,layers.0.attn.v_proj.weight,2.3042168617248535,0.4071144461631775,32.0341846191305,0.22105492651462555,1.1412972211837769,1.1668530702590942,"[0.4071144461631775, 0.3986634612083435, 0.38739654421806335, 0.3839550316333771, 0.37789127230644226, 0.37482789158821106, 0.36843234300613403, 0.36395010352134705]",0.07386787235736847,0.1217399537563324,0.9941742420196533,0.9944847822189331,0.9939233660697937,0.9940706491470337,0.005734262987971306,0.3492782413959503
400,adamw,layers.0.attn.o_proj.weight,2.279649019241333,0.4053418040275574,31.62956229277086,0.21981120109558105,1.1688112020492554,1.1641281843185425,"[0.4053418040275574, 0.39326655864715576, 0.3861832022666931, 0.37838441133499146, 0.3725113570690155, 0.3648683726787567, 0.3629247546195984, 0.3569800555706024]",0.07673213630914688,0.1364128738641739,0.99278724193573,0.9924941062927246,0.9890557527542114,0.989139974117279,0.0071220118552446365,0.3220331072807312
400,adamw,layers.0.mlp.gate_proj.weight,5.1040425300598145,1.0216412544250488,24.959261187827057,0.19185075163841248,1.212992548942566,1.0727341175079346,"[1.0216412544250488, 0.8371245265007019, 0.7938113212585449, 0.7682458758354187, 0.7394622564315796, 0.7303433418273926, 0.7072234153747559, 0.6728383302688599]",0.07434722781181335,0.07720126211643219,0.999053955078125,0.9980258941650391,0.9886326789855957,0.9864523410797119,0.009857556782662868,0.20389814674854279
400,adamw,layers.0.mlp.up_proj.weight,5.143807411193848,1.102510690689087,21.767260811673616,0.19509544968605042,1.1922048330307007,1.0904215574264526,"[1.102510690689087, 0.8598544001579285, 0.8272356986999512, 0.7522983551025391, 0.7310802936553955, 0.708692729473114, 0.688001275062561, 0.6684026718139648]",0.0727916732430458,0.06564855575561523,0.9992676377296448,0.9984089136123657,0.9848242998123169,0.9833351373672485,0.008175117895007133,0.19868391752243042
400,adamw,layers.0.mlp.down_proj.weight,5.1032609939575195,1.1127443313598633,21.033172256293465,0.2260444164276123,1.1108828783035278,1.1491693258285522,"[1.1127443313598633, 0.894696056842804, 0.871087372303009, 0.8451740741729736, 0.8021488189697266, 0.7802367210388184, 0.7589486837387085, 0.7395490407943726]",0.06590820848941803,0.0834372490644455,0.997388482093811,0.9986114501953125,0.9878281950950623,0.991960883140564,0.023183761164546013,0.23332428932189941
400,adamw,layers.1.attn.q_proj.weight,3.393035888671875,1.946594476699829,3.0382669749492694,0.49313241243362427,1.7302205562591553,1.326125979423523,"[1.946594476699829, 0.6942587494850159, 0.5713298320770264, 0.48378387093544006, 0.4813646078109741, 0.46290335059165955, 0.45229828357696533, 0.441620796918869]",0.0845065712928772,0.0625566765666008,0.9994513392448425,0.9986696243286133,0.9710987210273743,0.9683761596679688,0.002986525883898139,0.025124799460172653
400,adamw,layers.1.attn.k_proj.weight,3.2487378120422363,1.5187053680419922,4.575960536438118,0.44463416934013367,1.5425461530685425,1.3565607070922852,"[1.5187053680419922, 0.8801671266555786, 0.6197390556335449, 0.5705519318580627, 0.5209601521492004, 0.4954153895378113, 0.4440033733844757, 0.43366196751594543]",0.07163459062576294,0.06513788551092148,0.9995208978652954,0.9991346597671509,0.869005560874939,0.868611216545105,0.005499090533703566,0.05153990536928177
400,adamw,layers.1.attn.v_proj.weight,2.5092124938964844,0.4574904441833496,30.082285471099038,0.2176545262336731,1.1525325775146484,1.156798005104065,"[0.4574904441833496, 0.42824259400367737, 0.4236010015010834, 0.4156389832496643, 0.4050363004207611, 0.39742815494537354, 0.39464980363845825, 0.38438257575035095]",0.050840139389038086,0.09823118150234222,0.9939499497413635,0.9942446947097778,0.9703396558761597,0.9712278246879578,0.011890853755176067,0.38197848200798035
400,adamw,layers.1.attn.o_proj.weight,2.488372325897217,0.47073161602020264,27.9437050995198,0.2213590294122696,1.1752803325653076,1.1706315279006958,"[0.47073161602020264, 0.43566030263900757, 0.4200302064418793, 0.40714964270591736, 0.4003030061721802, 0.3993236720561981, 0.3882885277271271, 0.3828842341899872]",0.06843984127044678,0.1156986728310585,0.983350396156311,0.9838420152664185,0.9614623188972473,0.960616409778595,0.012919956818223,0.2335870862007141
400,adamw,layers.1.mlp.gate_proj.weight,4.739658355712891,0.9204165935516357,26.517049334089567,0.1716841757297516,1.6507641077041626,1.0908278226852417,"[0.9204165935516357, 0.7214449644088745, 0.6853036284446716, 0.6638314723968506, 0.6505476236343384, 0.629129946231842, 0.6248992681503296, 0.6076997518539429]",0.06896890699863434,0.12062254548072815,0.9977156519889832,0.9930086731910706,0.876024067401886,0.8707067370414734,0.01198736671358347,0.120030976831913
400,adamw,layers.1.mlp.up_proj.weight,4.702251434326172,0.9558842778205872,24.199202747962026,0.17688997089862823,1.2425683736801147,1.1107125282287598,"[0.9558842778205872, 0.726292073726654, 0.6776060461997986, 0.6575736999511719, 0.6538373231887817, 0.6301214694976807, 0.6176988482475281, 0.6102181077003479]",0.06850996613502502,0.10873730480670929,0.9981127381324768,0.994337260723114,0.9803249835968018,0.9750741720199585,0.009080395102500916,0.11550319194793701
400,adamw,layers.1.mlp.down_proj.weight,4.736819744110107,0.8624894618988037,30.162415739857405,0.17659293115139008,1.0749930143356323,1.1644562482833862,"[0.8624894618988037, 0.7456134557723999, 0.7127607464790344, 0.692737877368927, 0.6744410991668701, 0.6513488292694092, 0.6400318741798401, 0.6211187839508057]",0.07326704263687134,0.14265544712543488,0.9906820058822632,0.9940029382705688,0.9333862662315369,0.9356786608695984,0.018218062818050385,0.1144944280385971
450,adamw,layers.0.attn.q_proj.weight,3.2421085834503174,1.0837681293487549,8.949161818457075,0.42756229639053345,1.535712480545044,1.2617592811584473,"[1.0837681293487549, 0.9658626317977905, 0.8600724935531616, 0.6827205419540405, 0.6314249634742737, 0.5365347266197205, 0.5203279256820679, 0.47290506958961487]",0.07899230718612671,0.10659434646368027,0.9951197504997253,0.9940122961997986,0.9931111931800842,0.9921578764915466,0.00224155536852777,0.038115981966257095
450,adamw,layers.0.attn.k_proj.weight,3.377351999282837,1.0850319862365723,9.688746008609039,0.4244353473186493,1.6233638525009155,1.1935629844665527,"[1.0850319862365723, 0.9840702414512634, 0.9147230386734009, 0.7198498249053955, 0.6419740319252014, 0.5811440944671631, 0.5587336421012878, 0.5279134511947632]",0.07678662240505219,0.09407425671815872,0.993559718132019,0.9931902885437012,0.9915841817855835,0.9880278706550598,0.008675714023411274,0.052257295697927475
450,adamw,layers.0.attn.v_proj.weight,2.2914867401123047,0.405574768781662,31.922201782749546,0.22102297842502594,1.1374436616897583,1.1771010160446167,"[0.405574768781662, 0.3982006907463074, 0.386310338973999, 0.38052651286125183, 0.37542974948883057, 0.37056535482406616, 0.3661234974861145, 0.3621719777584076]",0.07412023097276688,0.12538018822669983,0.9967676997184753,0.9969228506088257,0.9923737049102783,0.9923685789108276,0.007316363509744406,0.3654056191444397
450,adamw,layers.0.attn.o_proj.weight,2.2656896114349365,0.403859406709671,31.47316516287541,0.2198902666568756,1.1618691682815552,1.163987636566162,"[0.403859406709671, 0.392302542924881, 0.38376694917678833, 0.3759385943412781, 0.3706287741661072, 0.362237811088562, 0.3593442738056183, 0.35419344902038574]",0.07731101661920547,0.14653609693050385,0.9899064898490906,0.9900842905044556,0.9887638092041016,0.9883365631103516,0.004467263352125883,0.3183901309967041
450,adamw,layers.0.mlp.gate_proj.weight,5.1286516189575195,1.0163333415985107,25.46443543121559,0.18891224265098572,1.2197906970977783,1.0750322341918945,"[1.0163333415985107, 0.8317440152168274, 0.7909695506095886, 0.7680813670158386, 0.7341585159301758, 0.7313696146011353, 0.7072530388832092, 0.6742119193077087]",0.07064864784479141,0.07177900522947311,0.9984130859375,0.9974304437637329,0.9884440302848816,0.9869152903556824,0.008801290765404701,0.20858776569366455
450,adamw,layers.0.mlp.up_proj.weight,5.167968273162842,1.097559928894043,22.170893298811215,0.19289331138134003,1.1920689344406128,1.0900318622589111,"[1.097559928894043, 0.8585641384124756, 0.8227214217185974, 0.7550087571144104, 0.7289453744888306, 0.7079582214355469, 0.6868825554847717, 0.6772898435592651]",0.0698864758014679,0.06777354329824448,0.9994573593139648,0.9983470439910889,0.9889911413192749,0.987296462059021,0.008656887337565422,0.19582125544548035
450,adamw,layers.0.mlp.down_proj.weight,5.127315998077393,1.1188695430755615,21.000095218628907,0.2244126796722412,1.1091216802597046,1.1550408601760864,"[1.1188695430755615, 0.8895636200904846, 0.8773714303970337, 0.8319005966186523, 0.8058416843414307, 0.7769285440444946, 0.767281174659729, 0.7435830235481262]",0.062330082058906555,0.07686758786439896,0.9972182512283325,0.9977095723152161,0.9901062846183777,0.9937489628791809,0.030100718140602112,0.2510000169277191
450,adamw,layers.1.attn.q_proj.weight,3.462425470352173,2.0041093826293945,2.984819169209859,0.5069397687911987,1.8134472370147705,1.3155481815338135,"[2.0041093826293945, 0.7413023710250854, 0.610210657119751, 0.5074692964553833, 0.4917532801628113, 0.4734013080596924, 0.4634813666343689, 0.44808685779571533]",0.07598631083965302,0.05588896572589874,0.9996458292007446,0.9991695284843445,0.9694118499755859,0.9662133455276489,0.004478545393794775,0.030701959505677223
450,adamw,layers.1.attn.k_proj.weight,3.297173023223877,1.5684051513671875,4.419437084778543,0.4562940299510956,1.5513616800308228,1.379677653312683,"[1.5684051513671875, 0.9037407040596008, 0.6397538781166077, 0.5914196372032166, 0.5256397128105164, 0.5064516663551331, 0.4456424415111542, 0.43981996178627014]",0.06278551369905472,0.06631006300449371,0.9996815919876099,0.999549150466919,0.9810857772827148,0.980177640914917,0.007092096842825413,0.06494536250829697
450,adamw,layers.1.attn.v_proj.weight,2.51149320602417,0.4596419334411621,29.855526183033838,0.21812376379966736,1.1515870094299316,1.165244221687317,"[0.4596419334411621, 0.42865437269210815, 0.4243606626987457, 0.414103239774704, 0.4067675471305847, 0.3990504741668701, 0.39666855335235596, 0.3836805820465088]",0.04755023866891861,0.09071056544780731,0.9965924620628357,0.9968677759170532,0.9937345385551453,0.9941010475158691,0.018991118296980858,0.3651270568370819
450,adamw,layers.1.attn.o_proj.weight,2.487422466278076,0.46309590339660645,28.85075791846545,0.22150613367557526,1.1782902479171753,1.1647042036056519,"[0.46309590339660645, 0.43696752190589905, 0.42194437980651855, 0.4113900661468506, 0.40451881289482117, 0.3967467248439789, 0.38996049761772156, 0.38043132424354553]",0.06659581512212753,0.11642993241548538,0.9688799381256104,0.9685145616531372,0.9553627371788025,0.9548089504241943,0.012467680498957634,0.2480773776769638
450,adamw,layers.1.mlp.gate_proj.weight,4.76963996887207,0.931433379650116,26.22210794138548,0.1746342033147812,1.7019405364990234,1.0944277048110962,"[0.931433379650116, 0.7412827610969543, 0.696692705154419, 0.6762336492538452, 0.6556785702705383, 0.6358867287635803, 0.6325662136077881, 0.6153770685195923]",0.06509699672460556,0.11353296041488647,0.9985233545303345,0.9944357872009277,0.9776524305343628,0.9729123115539551,0.009866994805634022,0.12804453074932098
450,adamw,layers.1.mlp.up_proj.weight,4.729429721832275,0.9651136994361877,24.0137835654522,0.1786421686410904,1.2391778230667114,1.1101666688919067,"[0.9651136994361877, 0.7319731116294861, 0.6902137994766235, 0.6717905402183533, 0.6539061069488525, 0.6396347880363464, 0.6209842562675476, 0.6152321696281433]",0.06673885881900787,0.1104465201497078,0.9987277984619141,0.99482262134552,0.9721735119819641,0.9674254655838013,0.004405454266816378,0.12539532780647278
450,adamw,layers.1.mlp.down_proj.weight,4.763625144958496,0.8559957146644592,30.96934192872496,0.17780844867229462,1.073111653327942,1.159048318862915,"[0.8559957146644592, 0.7581489086151123, 0.7360841631889343, 0.694991409778595, 0.6761805415153503, 0.6573070883750916, 0.650122344493866, 0.6249539852142334]",0.0678531751036644,0.13385042548179626,0.9831761121749878,0.986781120300293,0.9565826654434204,0.9596747159957886,0.016004245728254318,0.12857919931411743
500,adamw,layers.0.attn.q_proj.weight,3.2838327884674072,1.1071056127548218,8.798000143348663,0.4381290674209595,1.5703638792037964,1.2627387046813965,"[1.1071056127548218, 1.0064904689788818, 0.8909972906112671, 0.6823278069496155, 0.638397753238678, 0.5450695157051086, 0.5377611517906189, 0.4822835326194763]",0.07741187512874603,0.10230884701013565,0.9876710176467896,0.9862016439437866,0.9865975975990295,0.9857131242752075,0.0038103749975562096,0.030730728060007095
500,adamw,layers.0.attn.k_proj.weight,3.419517993927002,1.0970187187194824,9.716317784875342,0.43208664655685425,1.6670626401901245,1.210152506828308,"[1.0970187187194824, 1.022271752357483, 0.9329795837402344, 0.7470152378082275, 0.6501911282539368, 0.5929020643234253, 0.5694567561149597, 0.5262115001678467]",0.07251580059528351,0.10218509286642075,0.9873117208480835,0.9876720309257507,0.9924869537353516,0.9896442294120789,0.004893858451396227,0.029437800869345665
500,adamw,layers.0.attn.v_proj.weight,2.279688596725464,0.4043508768081665,31.785882622050092,0.2221042662858963,1.1404439210891724,1.1881672143936157,"[0.4043508768081665, 0.39719364047050476, 0.38736075162887573, 0.37799131870269775, 0.37271279096603394, 0.3694544732570648, 0.3658345937728882, 0.3617144525051117]",0.07340768724679947,0.12052660435438156,0.9829875230789185,0.9834084510803223,0.9931883215904236,0.993161141872406,0.008685657754540443,0.3385455310344696
500,adamw,layers.0.attn.o_proj.weight,2.2519657611846924,0.4025617837905884,31.293812692491986,0.2202894687652588,1.1608222723007202,1.167625069618225,"[0.4025617837905884, 0.389485627412796, 0.3803635239601135, 0.3748422861099243, 0.36863046884536743, 0.3603428602218628, 0.3582494258880615, 0.35234782099723816]",0.07731607556343079,0.13591870665550232,0.9971062541007996,0.9962587952613831,0.9911764860153198,0.9909608364105225,0.006344556342810392,0.3117959201335907
500,adamw,layers.0.mlp.gate_proj.weight,5.151815414428711,1.0087428092956543,26.083128715276107,0.18689832091331482,1.2138642072677612,1.0722241401672363,"[1.0087428092956543, 0.8275691866874695, 0.7892502546310425, 0.7682368159294128, 0.7361803650856018, 0.732903003692627, 0.7131406664848328, 0.6762328743934631]",0.07010335475206375,0.07461030036211014,0.9983626008033752,0.997267484664917,0.986583948135376,0.9847106337547302,0.005591376684606075,0.2156265676021576
500,adamw,layers.0.mlp.up_proj.weight,5.190442085266113,1.0949913263320923,22.469186087408005,0.19154585897922516,1.1958752870559692,1.0950571298599243,"[1.0949913263320923, 0.8597932457923889, 0.8221347332000732, 0.7548131942749023, 0.7282926440238953, 0.712333083152771, 0.6895429491996765, 0.6805745363235474]",0.0690125897526741,0.06679655611515045,0.999178946018219,0.9983526468276978,0.988175094127655,0.9865319728851318,0.00406775064766407,0.2061743587255478
500,adamw,layers.0.mlp.down_proj.weight,5.149032115936279,1.1207945346832275,21.105672372849824,0.2221573144197464,1.109547734260559,1.1530065536499023,"[1.1207945346832275, 0.8840212821960449, 0.8704243302345276, 0.827010452747345, 0.8026024103164673, 0.7834393382072449, 0.773453414440155, 0.7446603178977966]",0.06091791391372681,0.07582210749387741,0.9981412887573242,0.9988702535629272,0.9884999990463257,0.9920151829719543,0.012429031543433666,0.2439148724079132
500,adamw,layers.1.attn.q_proj.weight,3.5232346057891846,2.0527594089508057,2.945825540446217,0.5180448889732361,1.8833673000335693,1.3040825128555298,"[2.0527594089508057, 0.7732100486755371, 0.6457355618476868, 0.5355292558670044, 0.49703893065452576, 0.49292078614234924, 0.4681531488895416, 0.4538269639015198]",0.07231377065181732,0.054431281983852386,0.9996006488800049,0.9991048574447632,0.9780298471450806,0.9771421551704407,0.009315396659076214,0.034266915172338486
500,adamw,layers.1.attn.k_proj.weight,3.3377232551574707,1.6018599271774292,4.341617661073602,0.46492165327072144,1.5464146137237549,1.378395915031433,"[1.6018599271774292, 0.9284175038337708, 0.6483809947967529, 0.6139795184135437, 0.5314286351203918, 0.5216401815414429, 0.4490986168384552, 0.44487300515174866]",0.05739405006170273,0.04716581851243973,0.9997918009757996,0.9995079636573792,0.993177592754364,0.9928866028785706,0.012810714542865753,0.0740281417965889
500,adamw,layers.1.attn.v_proj.weight,2.5122158527374268,0.45881322026252747,29.98071991741805,0.21841870248317719,1.154002070426941,1.1692272424697876,"[0.45881322026252747, 0.42943868041038513, 0.4252203702926636, 0.4137571156024933, 0.40745919942855835, 0.39938220381736755, 0.3979141414165497, 0.3843064308166504]",0.046918999403715134,0.085898257791996,0.9977380037307739,0.9978185892105103,0.9921510219573975,0.9924966096878052,0.008230514824390411,0.38835981488227844
500,adamw,layers.1.attn.o_proj.weight,2.485295534133911,0.45902231335639954,29.314904527648224,0.22215019166469574,1.1811106204986572,1.160574197769165,"[0.45902231335639954, 0.4394562244415283, 0.4241412281990051, 0.4107610285282135, 0.4051527678966522, 0.39703935384750366, 0.3904818296432495, 0.3813721239566803]",0.06483282148838043,0.1102711409330368,0.9889857769012451,0.9886291027069092,0.90342777967453,0.9030314087867737,0.02039756439626217,0.24300900101661682
500,adamw,layers.1.mlp.gate_proj.weight,4.797836780548096,0.9380552172660828,26.159782716159967,0.17649149894714355,1.7409669160842896,1.0971349477767944,"[0.9380552172660828, 0.7554643154144287, 0.7040952444076538, 0.6814009547233582, 0.6657690405845642, 0.6428563594818115, 0.6395331025123596, 0.6216559410095215]",0.06431687623262405,0.10066544264554977,0.9988144040107727,0.9957922101020813,0.9779713749885559,0.9728188514709473,0.010668935254216194,0.135518878698349
500,adamw,layers.1.mlp.up_proj.weight,4.755433082580566,0.975942075252533,23.742807189370907,0.17944574356079102,1.2214523553848267,1.1055940389633179,"[0.975942075252533, 0.7318901419639587, 0.6870902180671692, 0.684230625629425, 0.6646776795387268, 0.6447116136550903, 0.6240437030792236, 0.61866295337677]",0.06485047936439514,0.09696538001298904,0.9978615641593933,0.9956591725349426,0.9835066795349121,0.9790068864822388,0.006658361293375492,0.12751947343349457
500,adamw,layers.1.mlp.down_proj.weight,4.787471294403076,0.8406743407249451,32.430734288994465,0.17921873927116394,1.0710844993591309,1.1546493768692017,"[0.8406743407249451, 0.7700808644294739, 0.7533946633338928, 0.7065966129302979, 0.6837828159332275, 0.664417028427124, 0.6526831388473511, 0.6372051239013672]",0.06495845317840576,0.1429104208946228,0.9654622077941895,0.973125696182251,0.9635400176048279,0.9667261838912964,0.010837225243449211,0.1321909874677658
550,adamw,layers.0.attn.q_proj.weight,3.325626850128174,1.1406489610671997,8.50047153211097,0.44885316491127014,1.6098146438598633,1.2757654190063477,"[1.1406489610671997, 1.0529520511627197, 0.8983948230743408, 0.6948690414428711, 0.6429024934768677, 0.5554542541503906, 0.5457821488380432, 0.4947226345539093]",0.07172121852636337,0.09299840033054352,0.9851441383361816,0.983986496925354,0.9940707087516785,0.9929652214050293,0.002928596455603838,0.028962580487132072
550,adamw,layers.0.attn.k_proj.weight,3.4613213539123535,1.1093778610229492,9.734751143868431,0.43855801224708557,1.7042537927627563,1.237898588180542,"[1.1093778610229492, 1.0670514106750488, 0.9382779002189636, 0.7721936702728271, 0.6533388495445251, 0.6071845889091492, 0.5832584500312805, 0.5220825672149658]",0.06850484758615494,0.08272768557071686,0.937148928642273,0.9380492568016052,0.9582977294921875,0.9561596512794495,0.002341753337532282,0.029452720656991005
550,adamw,layers.0.attn.v_proj.weight,2.2676868438720703,0.40263092517852783,31.721367613206954,0.22206071019172668,1.1445984840393066,1.1928207874298096,"[0.40263092517852783, 0.3976750671863556, 0.384493887424469, 0.3746508061885834, 0.3704296052455902, 0.3663412630558014, 0.3644523322582245, 0.35947197675704956]",0.072404645383358,0.11304876208305359,0.9778391122817993,0.9771975874900818,0.9949833154678345,0.9946349859237671,0.004704824183136225,0.3561292588710785
550,adamw,layers.0.attn.o_proj.weight,2.2384955883026123,0.40054500102996826,31.232723304927514,0.22032047808170319,1.1628317832946777,1.160851001739502,"[0.40054500102996826, 0.386572927236557, 0.3795040547847748, 0.3720102608203888, 0.3649274408817291, 0.3604309856891632, 0.35464397072792053, 0.35050082206726074]",0.07771258801221848,0.1379859894514084,0.9899955987930298,0.9900287985801697,0.9900661706924438,0.9902750253677368,0.004629791248589754,0.3106949031352997
550,adamw,layers.0.mlp.gate_proj.weight,5.172304630279541,0.9988682270050049,26.813394193741875,0.18445102870464325,1.2213863134384155,1.0728703737258911,"[0.9988682270050049, 0.8282092213630676, 0.7857856154441833, 0.7698211073875427, 0.7360175848007202, 0.7325725555419922, 0.7088124752044678, 0.6782470941543579]",0.06857471168041229,0.07030953466892242,0.998748242855072,0.9979655742645264,0.9933457374572754,0.9914069175720215,0.009411967359483242,0.2000950574874878
550,adamw,layers.0.mlp.up_proj.weight,5.210207462310791,1.0893160104751587,22.877167896286313,0.1897762417793274,1.1898524761199951,1.095757007598877,"[1.0893160104751587, 0.8569686412811279, 0.8210926055908203, 0.7578190565109253, 0.7289219498634338, 0.7111248970031738, 0.6920677423477173, 0.6828219294548035]",0.06779015809297562,0.06252532452344894,0.9993376135826111,0.9984431862831116,0.9933907985687256,0.9918046593666077,0.009819350205361843,0.18936015665531158
550,adamw,layers.0.mlp.down_proj.weight,5.168127059936523,1.1277424097061157,21.001317430496545,0.21966035664081573,1.1008620262145996,1.1480178833007812,"[1.1277424097061157, 0.8763695955276489, 0.8651245832443237, 0.8180059790611267, 0.8005107641220093, 0.7865750789642334, 0.7725890278816223, 0.7437872886657715]",0.060659538954496384,0.07602216303348541,0.9980272054672241,0.9985435009002686,0.9909084439277649,0.9940401315689087,0.023164095357060432,0.24506130814552307
550,adamw,layers.1.attn.q_proj.weight,3.575507879257202,2.0892224311828613,2.928910620030773,0.5262951850891113,1.956047773361206,1.2953649759292603,"[2.0892224311828613, 0.8070284724235535, 0.6657553911209106, 0.5733551979064941, 0.5043461918830872, 0.4980052411556244, 0.4753515422344208, 0.4602699279785156]",0.06367532908916473,0.0456758588552475,0.9995790719985962,0.9993565082550049,0.9856289029121399,0.9862820506095886,0.006360037252306938,0.02840235084295273
550,adamw,layers.1.attn.k_proj.weight,3.3742880821228027,1.633733868598938,4.265811799838181,0.4718805253505707,1.5460269451141357,1.3798999786376953,"[1.633733868598938, 0.9437451362609863, 0.6624745726585388, 0.6196947693824768, 0.546244740486145, 0.5307767391204834, 0.4534771740436554, 0.45206329226493835]",0.05445079505443573,0.048011500388383865,0.9997000098228455,0.9996315240859985,0.9937363266944885,0.9933168888092041,0.00817809533327818,0.05871718376874924
550,adamw,layers.1.attn.v_proj.weight,2.5114493370056152,0.45821940898895264,30.04013510830742,0.21853499114513397,1.1533533334732056,1.170926570892334,"[0.45821940898895264, 0.4279348850250244, 0.42580223083496094, 0.4132663905620575, 0.4094790518283844, 0.40103334188461304, 0.3965502083301544, 0.38397955894470215]",0.047029875218868256,0.0763063058257103,0.9982219934463501,0.9981405735015869,0.9883223176002502,0.9887827634811401,0.016696171835064888,0.4142514169216156
550,adamw,layers.1.attn.o_proj.weight,2.482651710510254,0.45813214778900146,29.366355916912994,0.22206217050552368,1.1813104152679443,1.1585773229599,"[0.45813214778900146, 0.43471595644950867, 0.42230460047721863, 0.41439536213874817, 0.4059445559978485, 0.4006708264350891, 0.38653042912483215, 0.3808305263519287]",0.06426627188920975,0.11322413384914398,0.9411490559577942,0.9425732493400574,0.9559248089790344,0.9561173915863037,0.022152317687869072,0.24682269990444183
550,adamw,layers.1.mlp.gate_proj.weight,4.830470085144043,0.9530380368232727,25.68965816533827,0.17935596406459808,1.7922790050506592,1.1018296480178833,"[0.9530380368232727, 0.7773452997207642, 0.7114182114601135, 0.6919783353805542, 0.6767529845237732, 0.6484566330909729, 0.646519124507904, 0.625312089920044]",0.06524773687124252,0.10572433471679688,0.9963755011558533,0.9933115839958191,0.9586493968963623,0.954096794128418,0.01384433638304472,0.13120415806770325
550,adamw,layers.1.mlp.up_proj.weight,4.782689571380615,0.9887654781341553,23.396871848876238,0.18165640532970428,1.2366056442260742,1.1101503372192383,"[0.9887654781341553, 0.7357014417648315, 0.704504132270813, 0.6967828869819641, 0.6734941601753235, 0.6502608060836792, 0.6273232102394104, 0.6200941801071167]",0.06558118760585785,0.10278555750846863,0.9983099102973938,0.9958242177963257,0.969664454460144,0.9651980400085449,0.01124701276421547,0.12512168288230896
550,adamw,layers.1.mlp.down_proj.weight,4.8115105628967285,0.8315814137458801,33.47752468646316,0.17938169836997986,1.0773786306381226,1.1499065160751343,"[0.8315814137458801, 0.7761663198471069, 0.7574447989463806, 0.7130662798881531, 0.6901610493659973, 0.6697838306427002, 0.6600867509841919, 0.644985556602478]",0.06341003626585007,0.1503504365682602,0.9808696508407593,0.9857832193374634,0.9808779358863831,0.9839456677436829,0.00843462161719799,0.13722755014896393
600,adamw,layers.0.attn.q_proj.weight,3.366933584213257,1.1685870885849,8.301315730888696,0.4580254852771759,1.6167223453521729,1.2805670499801636,"[1.1685870885849, 1.0859370231628418, 0.9119309782981873, 0.7090050578117371, 0.6541494727134705, 0.5730391144752502, 0.5523877143859863, 0.5017061829566956]",0.06800907105207443,0.06551729142665863,0.9960857033729553,0.9958657026290894,0.9946028590202332,0.9938960075378418,0.0035852461587637663,0.026716506108641624
600,adamw,layers.0.attn.k_proj.weight,3.5022568702697754,1.1332331895828247,9.551188602050894,0.4456503987312317,1.7545979022979736,1.2450867891311646,"[1.1332331895828247, 1.0972280502319336, 0.9615992903709412, 0.7806917428970337, 0.6605731844902039, 0.6156521439552307, 0.5874093174934387, 0.5324925184249878]",0.061719782650470734,0.0675942525267601,0.9412363171577454,0.9401388168334961,0.8730820417404175,0.8719939589500427,0.0032497530337423086,0.028011256828904152
600,adamw,layers.0.attn.v_proj.weight,2.2581465244293213,0.40000566840171814,31.86925754083131,0.2218303084373474,1.13552987575531,1.1958917379379272,"[0.40000566840171814, 0.3959387242794037, 0.38245877623558044, 0.37269577383995056, 0.36826515197753906, 0.364529013633728, 0.36243292689323425, 0.359660267829895]",0.07268397510051727,0.11889612674713135,0.981106698513031,0.9810475707054138,0.9932172298431396,0.9930317401885986,0.0053281416185200214,0.32421109080314636
600,adamw,layers.0.attn.o_proj.weight,2.226926803588867,0.3980740010738373,31.295670249615196,0.2198001593351364,1.170192837715149,1.165653109550476,"[0.3980740010738373, 0.3829587399959564, 0.37735459208488464, 0.368426650762558, 0.36183953285217285, 0.35871705412864685, 0.35481828451156616, 0.34824758768081665]",0.07869929075241089,0.12767580151557922,0.9961050748825073,0.9961367249488831,0.9885513782501221,0.9887953996658325,0.004995575174689293,0.29897740483283997
600,adamw,layers.0.mlp.gate_proj.weight,5.193899631500244,0.999265193939209,27.016282250777174,0.18278655409812927,1.21661376953125,1.0791233777999878,"[0.999265193939209, 0.8236399292945862, 0.7844101786613464, 0.7721741795539856, 0.7344557046890259, 0.7301115393638611, 0.7124534249305725, 0.6800104975700378]",0.06709412485361099,0.06574217230081558,0.9992520809173584,0.9984976053237915,0.9900192022323608,0.9883384108543396,0.011525433510541916,0.20117321610450745
600,adamw,layers.0.mlp.up_proj.weight,5.230304718017578,1.0902974605560303,23.01250957225509,0.18791691958904266,1.1844884157180786,1.0933152437210083,"[1.0902974605560303, 0.8549379110336304, 0.8106583952903748, 0.7583729028701782, 0.731557309627533, 0.7124786972999573, 0.6924576163291931, 0.6829406023025513]",0.06677526235580444,0.061018023639917374,0.999366283416748,0.9986376762390137,0.9925600290298462,0.9912119507789612,0.013945253565907478,0.19351954758167267
600,adamw,layers.0.mlp.down_proj.weight,5.1877899169921875,1.1286721229553223,21.12657833630217,0.2179737687110901,1.1006617546081543,1.1461983919143677,"[1.1286721229553223, 0.872809886932373, 0.8695703148841858, 0.8152347803115845, 0.8043307065963745, 0.7842673063278198, 0.7694116234779358, 0.7455832362174988]",0.05878937989473343,0.0728827565908432,0.9985776543617249,0.9991910457611084,0.9880011081695557,0.9912407398223877,0.03692100942134857,0.2542107105255127
600,adamw,layers.1.attn.q_proj.weight,3.620147943496704,2.115506887435913,2.928355178853883,0.5327939391136169,1.9845857620239258,1.2819876670837402,"[2.115506887435913, 0.8295361995697021, 0.6935562491416931, 0.5970252156257629, 0.5228592753410339, 0.5098327994346619, 0.48027288913726807, 0.4664616584777832]",0.060787349939346313,0.04216740280389786,0.9996533989906311,0.9994208812713623,0.9852311015129089,0.9861484169960022,0.0023063586559146643,0.028936967253684998
600,adamw,layers.1.attn.k_proj.weight,3.405918598175049,1.6599072217941284,4.210182282202217,0.4764868915081024,1.5438896417617798,1.3710683584213257,"[1.6599072217941284, 0.9494482278823853, 0.6733492016792297, 0.6329253911972046, 0.5601691007614136, 0.5331247448921204, 0.4593951106071472, 0.4556172490119934]",0.05311792343854904,0.04261464625597,0.9998221397399902,0.9996936321258545,0.992001473903656,0.9922211170196533,0.007370947394520044,0.0707925334572792
600,adamw,layers.1.attn.v_proj.weight,2.5115253925323486,0.4566861689090729,30.244013906841083,0.21861495077610016,1.158204197883606,1.1754060983657837,"[0.4566861689090729, 0.42897358536720276, 0.42530861496925354, 0.41175803542137146, 0.40967345237731934, 0.40192967653274536, 0.3968839645385742, 0.3860848546028137]",0.04650341346859932,0.08341754972934723,0.9956749677658081,0.9952272176742554,0.9843998551368713,0.9849578738212585,0.006866066250950098,0.48102471232414246
600,adamw,layers.1.attn.o_proj.weight,2.479217767715454,0.45855244994163513,29.231514375664656,0.221640482544899,1.180188536643982,1.1536039113998413,"[0.45855244994163513, 0.4319120943546295, 0.42231330275535583, 0.4134746789932251, 0.40251103043556213, 0.39970657229423523, 0.3851553201675415, 0.3821839690208435]",0.06337098777294159,0.11619316041469574,0.9962167143821716,0.995552659034729,0.9737792015075684,0.973915696144104,0.030883098021149635,0.24771472811698914
600,adamw,layers.1.mlp.gate_proj.weight,4.859787464141846,0.9560847878456116,25.836979247438506,0.18137291073799133,1.8352147340774536,1.1000992059707642,"[0.9560847878456116, 0.7898443937301636, 0.719426155090332, 0.7014811635017395, 0.6847841739654541, 0.6608180999755859, 0.6509509086608887, 0.6376773715019226]",0.06282990425825119,0.0959436222910881,0.999112069606781,0.9958667159080505,0.9745186567306519,0.9706365466117859,0.012695621699094772,0.15505382418632507
600,adamw,layers.1.mlp.up_proj.weight,4.807973384857178,0.9926855564117432,23.45852513038422,0.1823001503944397,1.225907564163208,1.1144688129425049,"[0.9926855564117432, 0.7409542202949524, 0.7121264934539795, 0.7049119472503662, 0.6788089275360107, 0.6545098423957825, 0.6339491605758667, 0.6201951503753662]",0.06340403854846954,0.09525265544652939,0.9987442493438721,0.9961787462234497,0.98619544506073,0.9823249578475952,0.00913449190557003,0.14346511662006378
600,adamw,layers.1.mlp.down_proj.weight,4.835066795349121,0.8337658047676086,33.62922023598825,0.17976656556129456,1.0780888795852661,1.146713376045227,"[0.8337658047676086, 0.7807088494300842, 0.7627415060997009, 0.7167014479637146, 0.6948633193969727, 0.6783143877983093, 0.6621780395507812, 0.6488680839538574]",0.061571117490530014,0.14643894135951996,0.9784757494926453,0.9835654497146606,0.972465991973877,0.9762293100357056,0.015352237969636917,0.14207850396633148
0,muon,layers.0.attn.q_proj.weight,2.5099360942840576,0.43820920586586,32.806683900881026,0.21315346658229828,1.210518479347229,1.1493866443634033,"[0.43820920586586, 0.4316697120666504, 0.42201048135757446, 0.4098510444164276, 0.408719003200531, 0.39701271057128906, 0.3848676383495331, 0.38156190514564514]",,,,,,,,
0,muon,layers.0.attn.k_proj.weight,2.5588274002075195,0.4540677070617676,31.757093847344933,0.20894400775432587,1.1633881330490112,1.1742271184921265,"[0.4540677070617676, 0.4188723862171173, 0.41723960638046265, 0.4157642126083374, 0.40349674224853516, 0.4010988473892212, 0.3988955318927765, 0.3958461582660675]",,,,,,,,
0,muon,layers.0.attn.v_proj.weight,2.5664918422698975,0.43791669607162476,34.347629481490486,0.2100331038236618,1.16145658493042,1.186361312866211,"[0.43791669607162476, 0.42650890350341797, 0.4251497685909271, 0.4169785976409912, 0.4146823585033417, 0.4068782329559326, 0.3995480239391327, 0.3975023031234741]",,,,,,,,
0,muon,layers.0.attn.o_proj.weight,2.5554041862487793,0.43447425961494446,34.59322887245084,0.21187397837638855,1.1933141946792603,1.1687878370285034,"[0.43447425961494446, 0.4318913519382477, 0.425979346036911, 0.4193149507045746, 0.40785202383995056, 0.4054572880268097, 0.40330907702445984, 0.3969607651233673]",,,,,,,,
0,muon,layers.0.mlp.gate_proj.weight,4.428025722503662,0.6168933510780334,51.5228752845977,0.13817141950130463,1.2025994062423706,1.0949451923370361,"[0.6168933510780334, 0.6012126803398132, 0.5912564396858215, 0.5768524408340454, 0.5742576718330383, 0.5696948170661926, 0.5631964802742004, 0.5597425103187561]",,,,,,,,
0,muon,layers.0.mlp.up_proj.weight,4.444814205169678,0.6166309714317322,51.95849411666114,0.13853393495082855,1.1922861337661743,1.0945225954055786,"[0.6166309714317322, 0.6001770496368408, 0.5941001176834106, 0.584189236164093, 0.5808234810829163, 0.5694031715393066, 0.5683828592300415, 0.5635728240013123]",,,,,,,,
0,muon,layers.0.mlp.down_proj.weight,4.445439338684082,0.6026526093482971,54.41207576444197,0.1377580314874649,1.0824791193008423,1.1506288051605225,"[0.6026526093482971, 0.5968784093856812, 0.5935896039009094, 0.5867235660552979, 0.5823559761047363, 0.5727251768112183, 0.5669663548469543, 0.5636624097824097]",,,,,,,,
0,muon,layers.1.attn.q_proj.weight,2.5751872062683105,0.4485630393028259,32.95874305577607,0.21483522653579712,1.1854863166809082,1.199429988861084,"[0.4485630393028259, 0.4381527602672577, 0.4300318658351898, 0.4241253435611725, 0.41718852519989014, 0.4133191704750061, 0.40437284111976624, 0.3978772759437561]",,,,,,,,
0,muon,layers.1.attn.k_proj.weight,2.5886197090148926,0.4469408392906189,33.545666610787,0.21393555402755737,1.1889705657958984,1.1530762910842896,"[0.4469408392906189, 0.4394955635070801, 0.4317407011985779, 0.42148885130882263, 0.4206297695636749, 0.41247719526290894, 0.407022625207901, 0.40481212735176086]",,,,,,,,
0,muon,layers.1.attn.v_proj.weight,2.5643868446350098,0.4492698311805725,32.580111616811564,0.21237298846244812,1.1655232906341553,1.1592046022415161,"[0.4492698311805725, 0.44211506843566895, 0.43263834714889526, 0.4216388165950775, 0.40840083360671997, 0.3998056650161743, 0.3956829905509949, 0.3887367844581604]",,,,,,,,
0,muon,layers.1.attn.o_proj.weight,2.543765068054199,0.44162672758102417,33.177472629943736,0.20926649868488312,1.1863813400268555,1.1891995668411255,"[0.44162672758102417, 0.4241584837436676, 0.41884440183639526, 0.4127036929130554, 0.405498206615448, 0.4031536281108856, 0.39225998520851135, 0.39061540365219116]",,,,,,,,
0,muon,layers.1.mlp.gate_proj.weight,4.4413652420043945,0.6180023550987244,51.64790605081749,0.13724786043167114,1.172709345817566,1.0935535430908203,"[0.6180023550987244, 0.5964836478233337, 0.5896830558776855, 0.5861406326293945, 0.5716198086738586, 0.5695104002952576, 0.5619179010391235, 0.5580907464027405]",,,,,,,,
0,muon,layers.1.mlp.up_proj.weight,4.401653289794922,0.6095384359359741,52.147016889732306,0.1409856528043747,1.1913999319076538,1.0881023406982422,"[0.6095384359359741, 0.6033794283866882, 0.5890390872955322, 0.5841169953346252, 0.5833191871643066, 0.5732492208480835, 0.5708787441253662, 0.5594577789306641]",,,,,,,,
0,muon,layers.1.mlp.down_proj.weight,4.435472011566162,0.6270471811294556,50.03561551028066,0.1394977569580078,1.0856362581253052,1.1582483053207397,"[0.6270471811294556, 0.6027712821960449, 0.5955590009689331, 0.5875877737998962, 0.5761946439743042, 0.5672041177749634, 0.5637159943580627, 0.5625209212303162]",,,,,,,,
50,muon,layers.0.attn.q_proj.weight,6.30726957321167,1.0211812257766724,38.14847159408168,0.17473995685577393,1.1326487064361572,1.0984506607055664,"[1.0211812257766724, 0.9543688893318176, 0.945233941078186, 0.9249024391174316, 0.922415018081665, 0.9013282656669617, 0.8945195078849792, 0.8862795233726501]",2.2976059913635254,1.9993984699249268,0.22301346063613892,0.2965894937515259,0.22261150181293488,0.2185760736465454,0.0005486608133651316,0.009955459274351597
50,muon,layers.0.attn.k_proj.weight,6.543776988983154,1.0238010883331299,40.8531742738734,0.1694173365831375,1.1347044706344604,1.134213924407959,"[1.0238010883331299, 0.9802391529083252, 0.960608184337616, 0.947851836681366, 0.9433943629264832, 0.9231615662574768, 0.9213231801986694, 0.912871778011322]",2.32926344871521,1.8983654975891113,0.1541469544172287,0.1302790343761444,0.22576700150966644,0.23920440673828125,0.0005916710942983627,0.0077031757682561874
50,muon,layers.0.attn.v_proj.weight,5.7194108963012695,0.8606775403022766,44.15924675168832,0.16208167374134064,1.1299433708190918,1.1211541891098022,"[0.8606775403022766, 0.8314635753631592, 0.8162071108818054, 0.815345287322998, 0.8044226169586182, 0.8025161623954773, 0.7943069934844971, 0.7853851318359375]",2.499138832092285,1.973146915435791,0.09050305932760239,0.14557430148124695,0.07199081778526306,0.07182961702346802,0.0013391170650720596,0.0343853160738945
50,muon,layers.0.attn.o_proj.weight,5.609157085418701,0.9665391445159912,33.67877684871184,0.17502190172672272,1.1420633792877197,1.1643571853637695,"[0.9665391445159912, 0.8466817736625671, 0.8298110961914062, 0.8198886513710022, 0.8109420537948608, 0.7901787757873535, 0.783118724822998, 0.7742705345153809]",2.500258207321167,2.1598944664001465,0.06213175877928734,0.026502273976802826,0.05773138999938965,0.06478887051343918,0.0006821401766501367,0.04122868552803993
50,muon,layers.0.mlp.gate_proj.weight,15.395548820495605,1.9411927461624146,62.900345497421945,0.1089552491903305,1.5637723207473755,1.0580884218215942,"[1.9411927461624146, 1.828339695930481, 1.8028762340545654, 1.7806981801986694, 1.7714427709579468, 1.7566007375717163, 1.749518871307373, 1.734392523765564]",3.3125340938568115,2.81708025932312,0.15906773507595062,0.13800133764743805,0.14807508885860443,0.08424040675163269,0.00018544099293649197,0.013514856807887554
50,muon,layers.0.mlp.up_proj.weight,15.661970138549805,1.9609794616699219,63.78913205605094,0.10879839956760406,1.6776084899902344,1.075289249420166,"[1.9609794616699219, 1.8586913347244263, 1.8294395208358765, 1.8158836364746094, 1.8000046014785767, 1.7971969842910767, 1.7760038375854492, 1.7661781311035156]",3.3461549282073975,2.781282663345337,0.08833888173103333,0.0809292197227478,0.1845596581697464,0.09763152152299881,0.00011731805716408417,0.01233715657144785
50,muon,layers.0.mlp.down_proj.weight,7.576021671295166,1.3067705631256104,33.61117777962595,0.17068706452846527,1.1239261627197266,1.6269464492797852,"[1.3067705631256104, 1.2263226509094238, 1.1112902164459229, 1.0636252164840698, 1.0538640022277832, 1.037947416305542, 1.0113518238067627, 1.0040887594223022]",1.6000629663467407,1.599243402481079,0.17860165238380432,0.19607828557491302,0.10688566416501999,0.12936827540397644,0.002061373321339488,0.030514845624566078
50,muon,layers.1.attn.q_proj.weight,7.962426662445068,1.0806878805160522,54.28631076593279,0.1374463438987732,1.1202272176742554,1.090635895729065,"[1.0806878805160522, 1.0640562772750854, 1.0557470321655273, 1.0443394184112549, 1.0369867086410522, 1.0252028703689575, 1.024576187133789, 1.0161917209625244]",2.928656816482544,2.007732391357422,0.20285072922706604,0.18583065271377563,0.20513403415679932,0.19953478872776031,7.041273784125224e-05,0.0021718882489949465
50,muon,layers.1.attn.k_proj.weight,8.061720848083496,1.113538384437561,52.413737285609336,0.13956581056118011,1.1236493587493896,1.0953028202056885,"[1.113538384437561, 1.0938410758972168, 1.0760548114776611, 1.065232753753662, 1.0533374547958374, 1.04341721534729, 1.038946509361267, 1.0314310789108276]",2.9635887145996094,2.1916592121124268,0.04565456509590149,0.07533188164234161,0.2558726668357849,0.25659510493278503,5.0229165935888886e-05,0.0025991881266236305
50,muon,layers.1.attn.v_proj.weight,6.85300874710083,0.9459637403488159,52.482388606013544,0.14178195595741272,1.0920467376708984,1.1097608804702759,"[0.9459637403488159, 0.9310513138771057, 0.9238360524177551, 0.9124239683151245, 0.9070740938186646, 0.8971788883209229, 0.8955516219139099, 0.8838488459587097]",2.955975294113159,2.1100897789001465,0.22804056107997894,0.20605875551700592,0.06045124679803848,0.05741357058286667,0.0017750442493706942,0.04100610688328743
50,muon,layers.1.attn.o_proj.weight,6.798111915588379,0.944176197052002,51.84066033866728,0.1452663689851761,1.090867519378662,1.1117175817489624,"[0.944176197052002, 0.9399899840354919, 0.9249020218849182, 0.9221295118331909, 0.9102634191513062, 0.9028817415237427, 0.8957943320274353, 0.8867627382278442]",2.981231689453125,2.1797587871551514,0.003998115658760071,0.03857334330677986,0.04591568559408188,0.0532059483230114,0.0021146859508007765,0.06011619046330452
50,muon,layers.1.mlp.gate_proj.weight,15.775202751159668,1.8497183322906494,72.73420526354617,0.10448901355266571,1.4102113246917725,1.062720775604248,"[1.8497183322906494, 1.8399100303649902, 1.81688392162323, 1.8057949542999268, 1.7883368730545044, 1.7822648286819458, 1.7695262432098389, 1.7687004804611206]",3.399566888809204,2.747220039367676,0.044834040105342865,0.03831528499722481,0.11099294573068619,0.06432392448186874,0.0005820046062581241,0.0348205603659153
50,muon,layers.1.mlp.up_proj.weight,15.824854850769043,1.8605563640594482,72.34254917907796,0.10574309527873993,1.506313443183899,1.0572408437728882,"[1.8605563640594482, 1.85222327709198, 1.8359962701797485, 1.824620008468628, 1.8226414918899536, 1.7951728105545044, 1.7888208627700806, 1.7730671167373657]",3.4494035243988037,2.8009109497070312,0.06059354543685913,0.059776484966278076,0.12143386900424957,0.07263635843992233,0.0010841047624126077,0.03270343691110611
50,muon,layers.1.mlp.down_proj.weight,8.855159759521484,1.1993640661239624,54.51182675196248,0.12633541226387024,1.0748019218444824,1.3662720918655396,"[1.1993640661239624, 1.1549720764160156, 1.113914132118225, 1.1000224351882935, 1.0950571298599243, 1.0860962867736816, 1.0824105739593506, 1.0643316507339478]",1.8159470558166504,1.4408447742462158,0.21685311198234558,0.25196248292922974,0.11076637357473373,0.15228356420993805,0.011788323521614075,0.07051008939743042
100,muon,layers.0.attn.q_proj.weight,9.251577377319336,1.5934396982192993,33.71012053565038,0.1917216181755066,1.1654276847839355,1.1429743766784668,"[1.5934396982192993, 1.4925687313079834, 1.472692847251892, 1.4252969026565552, 1.390857458114624, 1.3719598054885864, 1.3493809700012207, 1.3435324430465698]",0.9412394165992737,0.818386435508728,0.8076592087745667,0.7922072410583496,0.4266657531261444,0.42885321378707886,0.0008433517068624496,0.020956825464963913
100,muon,layers.0.attn.k_proj.weight,9.650712966918945,1.5476760864257812,38.882900449665605,0.1787097454071045,1.1410452127456665,1.1970340013504028,"[1.5476760864257812, 1.4960086345672607, 1.4740577936172485, 1.43732750415802, 1.4235777854919434, 1.4116047620773315, 1.3775626420974731, 1.3621238470077515]",0.9193136692047119,0.8121918439865112,0.708265483379364,0.7092065811157227,0.3229016065597534,0.3326015770435333,0.0008307343232445419,0.01820465922355652
100,muon,layers.0.attn.v_proj.weight,9.191752433776855,1.5077893733978271,37.16338642628123,0.1759236752986908,1.155559778213501,1.185869574546814,"[1.5077893733978271, 1.394331693649292, 1.3791033029556274, 1.3512184619903564, 1.3307982683181763, 1.3222503662109375, 1.310442566871643, 1.2967510223388672]",1.0716006755828857,0.9674333930015564,0.6664066910743713,0.6830354928970337,0.3775540590286255,0.3866324722766876,0.0029272292740643024,0.035108402371406555
100,muon,layers.0.attn.o_proj.weight,9.089606285095215,1.7174556255340576,28.01038606589948,0.1894920915365219,1.14792799949646,1.1531602144241333,"[1.7174556255340576, 1.4234033823013306, 1.3951603174209595, 1.3515281677246094, 1.3341600894927979, 1.3152774572372437, 1.3051968812942505, 1.3014237880706787]",1.1008483171463013,0.8732938766479492,0.9603027105331421,0.9590097069740295,0.51176518201828,0.5093912482261658,0.0017242215108126402,0.035972710698843
100,muon,layers.0.mlp.gate_proj.weight,23.781524658203125,3.3071024417877197,51.711137671197655,0.1244988739490509,1.4484262466430664,1.0811190605163574,"[3.3071024417877197, 3.0306074619293213, 2.98882794380188, 2.9534058570861816, 2.908581018447876, 2.862856149673462, 2.8358163833618164, 2.817239761352539]",0.8327112793922424,0.7771830558776855,0.9201409816741943,0.9191821217536926,0.5038129091262817,0.4827304184436798,0.0005023903213441372,0.015266131609678268
100,muon,layers.0.mlp.up_proj.weight,24.758514404296875,3.3406710624694824,54.92647567221684,0.11911936104297638,1.5525457859039307,1.0844475030899048,"[3.3406710624694824, 3.0774168968200684, 3.034604072570801, 2.991673707962036, 2.9606406688690186, 2.937180995941162, 2.905714511871338, 2.897092342376709]",0.8383738398551941,0.7870922684669495,0.9530539512634277,0.9511493444442749,0.4860434830188751,0.4694763422012329,0.0002823677787091583,0.013677704147994518
100,muon,layers.0.mlp.down_proj.weight,10.625429153442383,2.1624765396118164,24.142939757074263,0.19648604094982147,1.131930947303772,1.6626259088516235,"[2.1624765396118164, 1.7422739267349243, 1.6873111724853516, 1.6023061275482178, 1.5590013265609741, 1.5220462083816528, 1.4854274988174438, 1.4503141641616821]",0.8684660792350769,0.6973472237586975,0.9816932678222656,0.9877551198005676,0.682432234287262,0.7035788297653198,0.0038693284150213003,0.0374164842069149
100,muon,layers.1.attn.q_proj.weight,10.727795600891113,1.600295901298523,44.93868858888572,0.16174045205116272,1.15625,1.1558125019073486,"[1.600295901298523, 1.573656678199768, 1.5428677797317505, 1.522359013557434, 1.5061224699020386, 1.4937573671340942, 1.4856624603271484, 1.4736782312393188]",0.7261613607406616,0.7502984404563904,0.17147979140281677,0.1752716600894928,0.4035128355026245,0.40397799015045166,0.0005075337830930948,0.00866745226085186
100,muon,layers.1.attn.k_proj.weight,11.015043258666992,1.6585725545883179,44.10658821258391,0.16173985600471497,1.1471116542816162,1.106025218963623,"[1.6585725545883179, 1.627578616142273, 1.5755332708358765, 1.560099482536316, 1.5520365238189697, 1.5373839139938354, 1.5195311307907104, 1.4921983480453491]",0.7353512048721313,0.7427806854248047,0.7233327627182007,0.7321947813034058,0.402065247297287,0.4093196988105774,0.0002469660830684006,0.008881577290594578
100,muon,layers.1.attn.v_proj.weight,12.316657066345215,1.700514316558838,52.45961679052253,0.14298801124095917,1.1255587339401245,1.113397479057312,"[1.700514316558838, 1.6694869995117188, 1.663845419883728, 1.6537368297576904, 1.6481575965881348, 1.6346391439437866, 1.6116269826889038, 1.5884956121444702]",1.0904479026794434,0.996445894241333,0.7148460149765015,0.7199892997741699,0.5041396617889404,0.5041718482971191,0.0030991844832897186,0.026081278920173645
100,muon,layers.1.attn.o_proj.weight,12.218894958496094,1.709972858428955,51.060542943731754,0.14349552989006042,1.1150321960449219,1.09367036819458,"[1.709972858428955, 1.6621322631835938, 1.652531623840332, 1.6397428512573242, 1.6221846342086792, 1.6088953018188477, 1.6020574569702148, 1.5909624099731445]",1.1003412008285522,1.019276738166809,0.6278238296508789,0.6033329367637634,0.4309103488922119,0.42787057161331177,0.002706882543861866,0.033114299178123474
100,muon,layers.1.mlp.gate_proj.weight,26.364418029785156,3.1249656677246094,71.17801585772085,0.10831832140684128,1.4251978397369385,1.0687333345413208,"[3.1249656677246094, 3.112269639968872, 3.092930316925049, 3.0728304386138916, 3.0557987689971924, 3.038154125213623, 3.025799036026001, 3.017664670944214]",0.8737253546714783,0.8594292998313904,0.18914282321929932,0.18539699912071228,0.47676509618759155,0.4617219865322113,0.0006284426781348884,0.018972329795360565
100,muon,layers.1.mlp.up_proj.weight,26.80870246887207,3.193342447280884,70.47914094081328,0.10798576474189758,1.4266202449798584,1.0585023164749146,"[3.193342447280884, 3.178525924682617, 3.1434335708618164, 3.130207061767578, 3.090629816055298, 3.0871782302856445, 3.0582263469696045, 3.0322964191436768]",0.8791607618331909,0.8535805344581604,0.6694108247756958,0.6670596599578857,0.5356444716453552,0.527265727519989,0.0005370075232349336,0.01860233210027218
100,muon,layers.1.mlp.down_proj.weight,12.758111000061035,1.8524013757705688,47.43539954355164,0.1400352120399475,1.0772403478622437,1.5327012538909912,"[1.8524013757705688, 1.7625726461410522, 1.7244338989257812, 1.6721140146255493, 1.6575291156768799, 1.6220464706420898, 1.6110142469406128, 1.5849168300628662]",0.7734421491622925,0.7331609725952148,0.7807318568229675,0.7828328609466553,0.5070674419403076,0.529716968536377,0.0037690254393965006,0.06385847926139832
150,muon,layers.0.attn.q_proj.weight,11.302423477172852,1.9799848794937134,32.58512589432845,0.20085826516151428,1.1626890897750854,1.197786808013916,"[1.9799848794937134, 1.858856201171875, 1.8110367059707642, 1.774656057357788, 1.7581994533538818, 1.7278249263763428, 1.71657395362854, 1.6823738813400269]",0.6176760792732239,0.49401384592056274,0.8924434185028076,0.9041122198104858,0.5933915972709656,0.5956769585609436,0.0006657728808932006,0.03611775487661362
150,muon,layers.0.attn.k_proj.weight,11.697529792785645,1.960102915763855,35.61480497771914,0.18779920041561127,1.139176845550537,1.1537171602249146,"[1.960102915763855, 1.844355583190918, 1.7954130172729492, 1.7782626152038574, 1.757309913635254, 1.750802755355835, 1.7335772514343262, 1.7055351734161377]",0.5862439870834351,0.5110489130020142,0.8632627129554749,0.8750038146972656,0.5105928778648376,0.508242130279541,0.0008447133586741984,0.03382331132888794
150,muon,layers.0.attn.v_proj.weight,11.36581802368164,1.9021406173706055,35.703941144641426,0.18718618154525757,1.146887183189392,1.153615951538086,"[1.9021406173706055, 1.7997370958328247, 1.755616307258606, 1.7256591320037842, 1.7111533880233765, 1.6797767877578735, 1.6667429208755493, 1.6540982723236084]",0.5965134501457214,0.5080126523971558,0.8918678760528564,0.9038448333740234,0.5459355115890503,0.5505942702293396,0.0031919553875923157,0.04453321546316147
150,muon,layers.0.attn.o_proj.weight,11.124598503112793,2.051891565322876,29.394080501369732,0.19827114045619965,1.210436224937439,1.1429780721664429,"[2.051891565322876, 1.7790285348892212, 1.7489007711410522, 1.7248218059539795, 1.6840426921844482, 1.6806443929672241, 1.6558797359466553, 1.651066541671753]",0.6030440330505371,0.4500712752342224,0.9466298818588257,0.9451602101325989,0.5113779306411743,0.5153692960739136,0.00229825172573328,0.041222479194402695
150,muon,layers.0.mlp.gate_proj.weight,26.315467834472656,3.8644795417785645,46.370327746568464,0.13449716567993164,1.3559514284133911,1.0798407793045044,"[3.8644795417785645, 3.470508337020874, 3.4416229724884033, 3.396548271179199, 3.3359007835388184, 3.305394411087036, 3.225459098815918, 3.2128498554229736]",0.4552425742149353,0.42304930090904236,0.9518414735794067,0.9322941303253174,0.6145232319831848,0.5908437967300415,0.00037781608989462256,0.019808519631624222
150,muon,layers.0.mlp.up_proj.weight,27.539783477783203,4.050598621368408,46.225606900547454,0.13116198778152466,1.4541314840316772,1.088949203491211,"[4.050598621368408, 3.612197160720825, 3.5242831707000732, 3.4703667163848877, 3.4271130561828613, 3.390308141708374, 3.3500938415527344, 3.3311712741851807]",0.4370335638523102,0.4100770652294159,0.9598886370658875,0.950316846370697,0.5920228362083435,0.5696840286254883,0.0004464570083655417,0.016170021146535873
150,muon,layers.0.mlp.down_proj.weight,12.187444686889648,2.4770219326019287,24.208373498853867,0.19367092847824097,1.144192099571228,1.6634202003479004,"[2.4770219326019287, 2.0492653846740723, 1.862694263458252, 1.8235212564468384, 1.7629022598266602, 1.7375335693359375, 1.6765490770339966, 1.6428735256195068]",0.5483202338218689,0.3495355248451233,0.9668269157409668,0.9714453220367432,0.8035430908203125,0.833199143409729,0.002629101276397705,0.0459204725921154
150,muon,layers.1.attn.q_proj.weight,12.10971736907959,1.9592571258544922,38.201915920996115,0.18275637924671173,1.2011467218399048,1.1335508823394775,"[1.9592571258544922, 1.8811895847320557, 1.859846591949463, 1.8249106407165527, 1.8046175241470337, 1.7816171646118164, 1.766998291015625, 1.7550995349884033]",0.5220678448677063,0.49185535311698914,0.519866943359375,0.5419254899024963,0.4759487509727478,0.4767259955406189,0.0011870998423546553,0.015549757517874241
150,muon,layers.1.attn.k_proj.weight,12.35593032836914,2.1001970767974854,34.61232733136954,0.185514435172081,1.186167597770691,1.1375514268875122,"[2.1001970767974854, 1.9206280708312988, 1.893864393234253, 1.85264253616333, 1.8364320993423462, 1.8255655765533447, 1.813735842704773, 1.791330337524414]",0.508450984954834,0.47064605355262756,0.8817906975746155,0.880614161491394,0.4749995768070221,0.47574523091316223,0.0014386611292138696,0.016537129878997803
150,muon,layers.1.attn.v_proj.weight,14.658685684204102,2.2997872829437256,40.626997656811426,0.16782741248607635,1.164331316947937,1.1300169229507446,"[2.2997872829437256, 2.153271436691284, 2.133911371231079, 2.115469455718994, 2.1079061031341553, 2.073728084564209, 2.0548741817474365, 2.0351343154907227]",0.5108855962753296,0.49897903203964233,0.008886178955435753,0.011416671797633171,0.5373907685279846,0.545586109161377,0.0007461562636308372,0.020942941308021545
150,muon,layers.1.attn.o_proj.weight,14.291982650756836,2.2297134399414062,41.08533735930739,0.1724352240562439,1.1576437950134277,1.118025541305542,"[2.2297134399414062, 2.2146685123443604, 2.116349935531616, 2.1038599014282227, 2.0626072883605957, 2.034827947616577, 2.017343759536743, 1.9939080476760864]",0.5093036890029907,0.49591848254203796,0.6882624626159668,0.6927910447120667,0.45720887184143066,0.45855778455734253,0.001602911506779492,0.02215397171676159
150,muon,layers.1.mlp.gate_proj.weight,30.44156837463379,3.975644588470459,58.629871491825334,0.12243213504552841,1.428717851638794,1.0813071727752686,"[3.975644588470459, 3.8300015926361084, 3.795445203781128, 3.7442727088928223, 3.732081174850464, 3.7101149559020996, 3.6821606159210205, 3.6476361751556396]",0.4204484522342682,0.44558507204055786,0.12055913358926773,0.10256599634885788,0.5153697729110718,0.5010687708854675,0.00011121173884021118,0.014532618224620819
150,muon,layers.1.mlp.up_proj.weight,31.115053176879883,4.002634525299072,60.42953060985715,0.1217397153377533,1.4453974962234497,1.0607388019561768,"[4.002634525299072, 3.885009765625, 3.8719162940979004, 3.8510055541992188, 3.8237686157226562, 3.790651798248291, 3.7417664527893066, 3.732901096343994]",0.41098883748054504,0.4336782395839691,0.3200834393501282,0.3181108832359314,0.5787768363952637,0.5618094205856323,0.00016446199151687324,0.014551695436239243
150,muon,layers.1.mlp.down_proj.weight,14.29751205444336,2.309279680252075,38.3325644433661,0.15452292561531067,1.0812219381332397,1.476351261138916,"[2.309279680252075, 2.0816478729248047, 2.029963731765747, 1.9504225254058838, 1.8933322429656982, 1.8774348497390747, 1.8637852668762207, 1.8475134372711182]",0.48338696360588074,0.4389367997646332,0.8476564884185791,0.8597781658172607,0.6451312899589539,0.6691413521766663,0.00385540840215981,0.045041900128126144
200,muon,layers.0.attn.q_proj.weight,13.08151626586914,2.3269433975219727,31.604180430958447,0.20267443358898163,1.183849811553955,1.167483925819397,"[2.3269433975219727, 2.1639463901519775, 2.0830838680267334, 2.0706567764282227, 2.0332558155059814, 2.0224549770355225, 1.9709900617599487, 1.9619932174682617]",0.5224642157554626,0.399692177772522,0.8790010213851929,0.8864336609840393,0.6286089420318604,0.6314259171485901,0.0016385030467063189,0.04965781047940254
200,muon,layers.0.attn.k_proj.weight,13.454845428466797,2.227841854095459,36.47444634522427,0.1942707896232605,1.166886568069458,1.1629856824874878,"[2.227841854095459, 2.1705193519592285, 2.1211559772491455, 2.1078946590423584, 2.0687947273254395, 2.044616222381592, 2.02217698097229, 2.0007221698760986]",0.5020999908447266,0.4059070348739624,0.7567442655563354,0.7632125616073608,0.5732222199440002,0.577305257320404,0.001793393981643021,0.0487319752573967
200,muon,layers.0.attn.v_proj.weight,13.266000747680664,2.1859920024871826,36.828403896218795,0.19057811796665192,1.1623698472976685,1.1500592231750488,"[2.1859920024871826, 2.1261723041534424, 2.063880681991577, 2.046879291534424, 2.027721881866455, 1.9802322387695312, 1.971466064453125, 1.9675077199935913]",0.486960232257843,0.4043349325656891,0.8773930072784424,0.8818035125732422,0.6600491404533386,0.6682139039039612,0.004054029937833548,0.057749710977077484
200,muon,layers.0.attn.o_proj.weight,12.90955924987793,2.336188554763794,30.53564136889386,0.20030240714550018,1.173215627670288,1.1804767847061157,"[2.336188554763794, 2.1111204624176025, 2.0391721725463867, 2.028285026550293, 1.969275712966919, 1.964692234992981, 1.9421926736831665, 1.9195802211761475]",0.4931628406047821,0.3774551451206207,0.9279083013534546,0.9309458136558533,0.6763851046562195,0.6768864393234253,0.003761867992579937,0.05214954540133476
200,muon,layers.0.mlp.gate_proj.weight,27.931093215942383,3.940687417984009,50.237948213148734,0.13759863376617432,1.4027048349380493,1.1032896041870117,"[3.940687417984009, 3.7361533641815186, 3.6949644088745117, 3.6700758934020996, 3.632660150527954, 3.545975923538208, 3.538619041442871, 3.5277469158172607]",0.41536375880241394,0.36760765314102173,0.8507775068283081,0.8440627455711365,0.6718267202377319,0.6473826169967651,0.0005528675974346697,0.025617916136980057
200,muon,layers.0.mlp.up_proj.weight,29.280841827392578,4.172327041625977,49.250475963024385,0.13445264101028442,1.369401216506958,1.1057119369506836,"[4.172327041625977, 3.831084728240967, 3.8202435970306396, 3.8049557209014893, 3.7314329147338867, 3.6932196617126465, 3.67181396484375, 3.6155455112457275]",0.3973549008369446,0.3480682373046875,0.9440675973892212,0.9298275709152222,0.630500078201294,0.6104069352149963,0.00038657605182379484,0.022537924349308014
200,muon,layers.0.mlp.down_proj.weight,13.718748092651367,2.738426446914673,25.097288452353297,0.1925159990787506,1.1291793584823608,1.6166868209838867,"[2.738426446914673, 2.290797472000122, 2.1357550621032715, 2.025507926940918, 2.0163230895996094, 1.9330588579177856, 1.8783791065216064, 1.8683857917785645]",0.4898482859134674,0.3068562150001526,0.9749665856361389,0.982329249382019,0.7055420875549316,0.7276351451873779,0.004460671450942755,0.058910273015499115
200,muon,layers.1.attn.q_proj.weight,13.181355476379395,2.3391506671905518,31.754388394621465,0.19747769832611084,1.190777063369751,1.1271659135818481,"[2.3391506671905518, 2.149606943130493, 2.090862512588501, 2.044835090637207, 2.032759189605713, 1.978007197380066, 1.9675889015197754, 1.93646240234375]",0.4772320091724396,0.4133225381374359,0.8830726146697998,0.8884838819503784,0.5814165472984314,0.5823966860771179,0.0016944247763603926,0.022715553641319275
200,muon,layers.1.attn.k_proj.weight,13.387812614440918,2.5326473712921143,27.94279203490253,0.2030831277370453,1.2717596292495728,1.1214382648468018,"[2.5326473712921143, 2.1914689540863037, 2.1174604892730713, 2.0959808826446533, 2.042098045349121, 2.039137840270996, 2.0113985538482666, 1.9828544855117798]",0.46149206161499023,0.3781401515007019,0.94233238697052,0.9474217891693115,0.6186783313751221,0.626655101776123,0.00101660646032542,0.026023264974355698
200,muon,layers.1.attn.v_proj.weight,16.19676399230957,2.6501576900482178,37.35193246638262,0.18556468188762665,1.1817469596862793,1.1281156539916992,"[2.6501576900482178, 2.5522844791412354, 2.4733591079711914, 2.4585325717926025, 2.4244544506073, 2.420809745788574, 2.3789281845092773, 2.3628737926483154]",0.40645575523376465,0.3535083830356598,0.6690313816070557,0.6628667116165161,0.5804316997528076,0.584057092666626,0.0020229013171046972,0.021816115826368332
200,muon,layers.1.attn.o_proj.weight,15.521236419677734,2.5321524143218994,37.5727464903115,0.19365985691547394,1.156043291091919,1.1523818969726562,"[2.5321524143218994, 2.493332624435425, 2.470071792602539, 2.4440765380859375, 2.3825953006744385, 2.3400075435638428, 2.3315491676330566, 2.3157219886779785]",0.4222371578216553,0.36583131551742554,0.5412194728851318,0.5522823333740234,0.64691162109375,0.6476500630378723,0.0013146138517186046,0.021901173517107964
200,muon,layers.1.mlp.gate_proj.weight,32.70625305175781,4.386074066162109,55.60446452732487,0.13068610429763794,1.5083353519439697,1.0719285011291504,"[4.386074066162109, 4.310177326202393, 4.236311912536621, 4.197762489318848, 4.150897979736328, 4.087660312652588, 4.0659871101379395, 3.992596387863159]",0.34816572070121765,0.3434925675392151,0.6309723854064941,0.6176051497459412,0.5250404477119446,0.5137640237808228,0.000746118719689548,0.015319528989493847
200,muon,layers.1.mlp.up_proj.weight,33.4611701965332,4.392457485198975,58.03194366211596,0.1289040893316269,1.4358513355255127,1.0954524278640747,"[4.392457485198975, 4.336203098297119, 4.29789924621582, 4.261453151702881, 4.225968360900879, 4.185063362121582, 4.164564609527588, 4.108756065368652]",0.3399612307548523,0.3376206159591675,0.8057700395584106,0.7981414794921875,0.6182522773742676,0.5999279618263245,0.00022480184270534664,0.015393544919788837
200,muon,layers.1.mlp.down_proj.weight,15.537125587463379,2.6126792430877686,35.36463356555521,0.16308729350566864,1.0902090072631836,1.467211127281189,"[2.6126792430877686, 2.3167853355407715, 2.2414896488189697, 2.1805107593536377, 2.125519037246704, 2.111321210861206, 2.057034969329834, 2.047020673751831]",0.431352823972702,0.3521784245967865,0.9625586867332458,0.9751824736595154,0.6820675134658813,0.6994333267211914,0.008533249609172344,0.04566860571503639
250,muon,layers.0.attn.q_proj.weight,14.68154525756836,2.616814613342285,31.477310903777244,0.1996483951807022,1.2162833213806152,1.1623090505599976,"[2.616814613342285, 2.3600611686706543, 2.320784091949463, 2.307068347930908, 2.2819466590881348, 2.258582353591919, 2.2056636810302734, 2.1758055686950684]",0.46002790331840515,0.34737855195999146,0.9325435161590576,0.9344721436500549,0.6541231274604797,0.6484888792037964,0.0016392095712944865,0.04775725677609444
250,muon,layers.0.attn.k_proj.weight,15.025968551635742,2.456696033477783,37.40951707348263,0.19567382335662842,1.1616466045379639,1.1738104820251465,"[2.456696033477783, 2.4323043823242188, 2.3971681594848633, 2.372589349746704, 2.32344388961792, 2.3075616359710693, 2.2797391414642334, 2.2207367420196533]",0.4465603828430176,0.36293140053749084,0.5220828652381897,0.4963840842247009,0.6048629283905029,0.6036396622657776,0.0014985540183261037,0.04436781629920006
250,muon,layers.0.attn.v_proj.weight,15.032081604003906,2.4687461853027344,37.075359058121116,0.1916666477918625,1.1443907022476196,1.1604626178741455,"[2.4687461853027344, 2.428011655807495, 2.352207899093628, 2.3174471855163574, 2.304110527038574, 2.257305383682251, 2.252105236053467, 2.2225987911224365]",0.4257063865661621,0.35619625449180603,0.6044072508811951,0.6184779405593872,0.6962734460830688,0.6992147564888,0.001255323295481503,0.061742305755615234
250,muon,layers.0.attn.o_proj.weight,14.58293628692627,2.675234317779541,29.714354678795022,0.19741658866405487,1.1485199928283691,1.1586511135101318,"[2.675234317779541, 2.3230228424072266, 2.2694759368896484, 2.251110792160034, 2.2427077293395996, 2.200742721557617, 2.1805734634399414, 2.14097261428833]",0.4319351315498352,0.33000659942626953,0.9535107612609863,0.9514882564544678,0.6613333821296692,0.6613810062408447,0.0036556583363562822,0.055893588811159134
250,muon,layers.0.mlp.gate_proj.weight,29.59607696533203,4.177011966705322,50.20383079042471,0.14071376621723175,1.3187885284423828,1.1007938385009766,"[4.177011966705322, 3.993082284927368, 3.929704189300537, 3.91979718208313, 3.9008586406707764, 3.850121021270752, 3.8287298679351807, 3.7889766693115234]",0.40165677666664124,0.36914515495300293,0.8832435607910156,0.8705683946609497,0.6477999091148376,0.6279296875,0.0010552365565672517,0.029618507251143456
250,muon,layers.0.mlp.up_proj.weight,31.115222930908203,4.362616539001465,50.86883024110726,0.13728326559066772,1.3525657653808594,1.104854941368103,"[4.362616539001465, 4.163994789123535, 4.09445333480835, 4.060173988342285, 4.027831077575684, 4.012951374053955, 3.942007303237915, 3.9273736476898193]",0.38257455825805664,0.34629663825035095,0.9373039603233337,0.9219610691070557,0.6656400561332703,0.646746814250946,0.0005870430613867939,0.025845373049378395
250,muon,layers.0.mlp.down_proj.weight,15.300294876098633,3.0804738998413086,24.669737865623855,0.18832166492938995,1.1333976984024048,1.5820348262786865,"[3.0804738998413086, 2.5166738033294678, 2.322968006134033, 2.205515146255493, 2.1611549854278564, 2.1407697200775146, 2.1101486682891846, 2.0727484226226807]",0.4491475820541382,0.2846360206604004,0.9737410545349121,0.9834244847297668,0.7629039287567139,0.7814633846282959,0.0041819484904408455,0.07176823914051056
250,muon,layers.1.attn.q_proj.weight,14.193394660949707,2.719801187515259,27.233172670892213,0.20790733397006989,1.1887080669403076,1.1248822212219238,"[2.719801187515259, 2.335505962371826, 2.3040359020233154, 2.233534812927246, 2.2082605361938477, 2.1727449893951416, 2.154465913772583, 2.1202175617218018]",0.457066148519516,0.34767284989356995,0.9506113529205322,0.9608734250068665,0.5949596166610718,0.5948411822319031,0.0018273605965077877,0.036117855459451675
250,muon,layers.1.attn.k_proj.weight,14.31606674194336,2.9154999256134033,24.111340682643938,0.2195734977722168,1.3077754974365234,1.1443287134170532,"[2.9154999256134033, 2.389343738555908, 2.3664493560791016, 2.328758955001831, 2.2630646228790283, 2.23397159576416, 2.2233855724334717, 2.1711084842681885]",0.43907058238983154,0.31833720207214355,0.9632806181907654,0.9674999713897705,0.6958887577056885,0.7033547759056091,0.0011171273654326797,0.03838522359728813
250,muon,layers.1.attn.v_proj.weight,17.75861167907715,3.013533592224121,34.726894497723315,0.20126456022262573,1.1934428215026855,1.1384316682815552,"[3.013533592224121, 2.9361376762390137, 2.864874839782715, 2.823514223098755, 2.80190372467041, 2.724430799484253, 2.692531108856201, 2.6584842205047607]",0.3723693788051605,0.3095860183238983,0.8180128931999207,0.818081259727478,0.6720134615898132,0.6688811779022217,0.002388550201430917,0.024366263300180435
250,muon,layers.1.attn.o_proj.weight,16.931156158447266,2.8789255619049072,34.58695739666836,0.20912040770053864,1.1811147928237915,1.1809501647949219,"[2.8789255619049072, 2.8226778507232666, 2.797485828399658, 2.755460739135742, 2.746828317642212, 2.6562976837158203, 2.6296024322509766, 2.599486827850342]",0.38952842354774475,0.3234155774116516,0.534943699836731,0.5439160466194153,0.792555034160614,0.797444760799408,0.0030869829934090376,0.023479141294956207
250,muon,layers.1.mlp.gate_proj.weight,35.080631256103516,4.827972412109375,52.796512957049664,0.13895174860954285,1.5210506916046143,1.1038658618927002,"[4.827972412109375, 4.788187503814697, 4.689326763153076, 4.6195068359375, 4.578688621520996, 4.571691513061523, 4.485722064971924, 4.41010046005249]",0.322321355342865,0.30595099925994873,0.8034710884094238,0.8018327355384827,0.735581636428833,0.727358877658844,0.0004509272112045437,0.01912582665681839
250,muon,layers.1.mlp.up_proj.weight,35.776344299316406,4.799220085144043,55.57130425886436,0.13511081039905548,1.4981985092163086,1.1169235706329346,"[4.799220085144043, 4.766510486602783, 4.701723575592041, 4.656826019287109, 4.633919715881348, 4.588799953460693, 4.545015811920166, 4.4947733879089355]",0.31555992364883423,0.3082810938358307,0.22863098978996277,0.22228074073791504,0.775026798248291,0.7625006437301636,0.00038656030665151775,0.017908580601215363
250,muon,layers.1.mlp.down_proj.weight,16.986656188964844,2.8137729167938232,36.444978904188766,0.16869919002056122,1.1017829179763794,1.4227615594863892,"[2.8137729167938232, 2.6225783824920654, 2.4493579864501953, 2.4384326934814453, 2.3932249546051025, 2.3667147159576416, 2.309870719909668, 2.296231269836426]",0.4002359211444855,0.3111307621002197,0.9671431183815002,0.9769668579101562,0.662560760974884,0.6754016280174255,0.011730181984603405,0.05294955149292946
300,muon,layers.0.attn.q_proj.weight,16.063873291015625,2.8172361850738525,32.512773898413926,0.20313629508018494,1.2097461223602295,1.1610057353973389,"[2.8172361850738525, 2.660003423690796, 2.5908234119415283, 2.5503480434417725, 2.4848949909210205, 2.474909782409668, 2.451754570007324, 2.4246370792388916]",0.4078199863433838,0.3001890480518341,0.9471826553344727,0.9471113681793213,0.7135193943977356,0.7121606469154358,0.002323068445548415,0.055778712034225464
300,muon,layers.0.attn.k_proj.weight,16.426523208618164,2.768486976623535,35.20516089773054,0.20199626684188843,1.1887191534042358,1.174843668937683,"[2.768486976623535, 2.673006296157837, 2.656480073928833, 2.6234374046325684, 2.6078708171844482, 2.537928819656372, 2.5224997997283936, 2.4801039695739746]",0.39626073837280273,0.3225270211696625,0.2671871781349182,0.2829709053039551,0.7268797755241394,0.7267341613769531,0.0012645241804420948,0.05996764078736305
300,muon,layers.0.attn.v_proj.weight,16.64515495300293,2.7849464416503906,35.72251192390514,0.19450445473194122,1.146660327911377,1.1389753818511963,"[2.7849464416503906, 2.7069575786590576, 2.6435797214508057, 2.574235677719116, 2.5504097938537598, 2.531226396560669, 2.489595651626587, 2.4659948348999023]",0.37695497274398804,0.31573590636253357,0.9342086911201477,0.9313347339630127,0.752367377281189,0.754648745059967,0.002326440066099167,0.05690943822264671
300,muon,layers.0.attn.o_proj.weight,16.137962341308594,2.962111711502075,29.682093505665698,0.1976398229598999,1.1128708124160767,1.1351715326309204,"[2.962111711502075, 2.5924148559570312, 2.5067696571350098, 2.4970691204071045, 2.486285448074341, 2.4203739166259766, 2.39729642868042, 2.3814477920532227]",0.3835960328578949,0.292316198348999,0.960083544254303,0.9628578424453735,0.695993959903717,0.6965706944465637,0.0010002799099311233,0.049877095967531204
300,muon,layers.0.mlp.gate_proj.weight,31.284643173217773,4.369925022125244,51.252427579489044,0.14120201766490936,1.3599084615707397,1.0865893363952637,"[4.369925022125244, 4.225476264953613, 4.2220964431762695, 4.147562503814697, 4.099695682525635, 4.09020471572876, 4.071055889129639, 4.013543128967285]",0.3813459277153015,0.3486485481262207,0.8506549596786499,0.8395544290542603,0.6613584160804749,0.6420573592185974,0.000579349638428539,0.02842763438820839
300,muon,layers.0.mlp.up_proj.weight,32.9416389465332,4.563560962677002,52.10539502620569,0.14028321206569672,1.3100589513778687,1.0945169925689697,"[4.563560962677002, 4.452793598175049, 4.408904552459717, 4.376406669616699, 4.3519158363342285, 4.283924579620361, 4.242118835449219, 4.20677375793457]",0.36211511492729187,0.33747565746307373,0.8686742782592773,0.8595283031463623,0.6707098484039307,0.6487614512443542,0.0006911403615958989,0.025008294731378555
300,muon,layers.0.mlp.down_proj.weight,16.778127670288086,3.3449792861938477,25.15939097297643,0.1848800629377365,1.1510170698165894,1.5131897926330566,"[3.3449792861938477, 2.6732232570648193, 2.479410171508789, 2.407081365585327, 2.3712799549102783, 2.334925651550293, 2.3286068439483643, 2.2958717346191406]",0.4058172106742859,0.25154760479927063,0.981174111366272,0.9855145215988159,0.7706254124641418,0.7856019139289856,0.0020321800839155912,0.06806265562772751
300,muon,layers.1.attn.q_proj.weight,15.201125144958496,3.00712251663208,25.553431211999943,0.21515555679798126,1.171304702758789,1.1477251052856445,"[3.00712251663208, 2.56335711479187, 2.511307716369629, 2.4408633708953857, 2.421172857284546, 2.3276617527008057, 2.300602436065674, 2.294771671295166]",0.4252244830131531,0.301631897687912,0.9456201791763306,0.9512796998023987,0.5924782752990723,0.5935670137405396,0.0012992479605600238,0.03394792973995209
300,muon,layers.1.attn.k_proj.weight,15.24459171295166,3.2676384449005127,21.76524703308208,0.23255352675914764,1.313461422920227,1.1947009563446045,"[3.2676384449005127, 2.6842808723449707, 2.6186113357543945, 2.536663770675659, 2.4541914463043213, 2.429072618484497, 2.3709349632263184, 2.3076980113983154]",0.4143006503582001,0.2752276360988617,0.9622448682785034,0.9632604122161865,0.7664828896522522,0.7699986100196838,0.004888786468654871,0.03721433877944946
300,muon,layers.1.attn.v_proj.weight,19.409931182861328,3.369229555130005,33.18843607690118,0.21397168934345245,1.1956987380981445,1.1360398530960083,"[3.369229555130005, 3.3518142700195312, 3.2417287826538086, 3.2156245708465576, 3.1191213130950928, 3.059314489364624, 3.0232553482055664, 2.9914920330047607]",0.33964627981185913,0.27351608872413635,0.6993295550346375,0.7011587023735046,0.7854546904563904,0.7813358902931213,0.0012577470624819398,0.020390687510371208
300,muon,layers.1.attn.o_proj.weight,18.54081916809082,3.24531626701355,32.63952147893351,0.22082477807998657,1.2274792194366455,1.2126362323760986,"[3.24531626701355, 3.1810574531555176, 3.1448638439178467, 3.1319057941436768, 3.038330316543579, 3.016072988510132, 2.949955463409424, 2.920710802078247]",0.3604942262172699,0.28538966178894043,0.7957231998443604,0.8008526563644409,0.791307270526886,0.7918367385864258,0.002143408637493849,0.02181333117187023
300,muon,layers.1.mlp.gate_proj.weight,37.57924270629883,5.351803302764893,49.30554475718891,0.14602752029895782,1.5034441947937012,1.0893386602401733,"[5.351803302764893, 5.159177303314209, 5.1222639083862305, 5.101831436157227, 5.022944450378418, 4.987107753753662, 4.949613571166992, 4.908672332763672]",0.3021236062049866,0.28577807545661926,0.93865966796875,0.9311833381652832,0.8184729218482971,0.8108237385749817,0.0004827224765904248,0.01673073135316372
300,muon,layers.1.mlp.up_proj.weight,38.2668571472168,5.317381858825684,51.790474635203864,0.1408742219209671,1.5172498226165771,1.0875160694122314,"[5.317381858825684, 5.275339603424072, 5.1005096435546875, 5.0731024742126465, 5.047645092010498, 4.989163398742676, 4.939531326293945, 4.864639759063721]",0.29381513595581055,0.28463688492774963,0.7295949459075928,0.7182895541191101,0.7022895812988281,0.6934642195701599,0.00047946826089173555,0.016013769432902336
300,muon,layers.1.mlp.down_proj.weight,18.458110809326172,2.9849600791931152,38.23820024659737,0.17262542247772217,1.0994009971618652,1.4558510780334473,"[2.9849600791931152, 2.8635311126708984, 2.7379119396209717, 2.7262775897979736, 2.69476056098938, 2.603689432144165, 2.530327320098877, 2.516307830810547]",0.36469516158103943,0.28427693247795105,0.9022915363311768,0.9049469232559204,0.7430003881454468,0.7469479441642761,0.004378529265522957,0.04724407568573952
350,muon,layers.0.attn.q_proj.weight,17.296688079833984,3.0489485263824463,32.182940497520164,0.20621357858181,1.1813923120498657,1.1645406484603882,"[3.0489485263824463, 2.905654191970825, 2.8493549823760986, 2.774984359741211, 2.7037782669067383, 2.668771743774414, 2.632056474685669, 2.6029398441314697]",0.3736063539981842,0.28210553526878357,0.8889255523681641,0.8967154026031494,0.7323758602142334,0.7323675751686096,0.0014875881606712937,0.05242406576871872
350,muon,layers.0.attn.k_proj.weight,17.58746337890625,2.931899309158325,35.98390652848577,0.19999702274799347,1.1842041015625,1.1722558736801147,"[2.931899309158325, 2.8728950023651123, 2.829566717147827, 2.7927215099334717, 2.765073299407959, 2.7241218090057373, 2.666461944580078, 2.651613712310791]",0.3626669645309448,0.2850252389907837,0.8642804622650146,0.8692970871925354,0.7041290998458862,0.7014861702919006,0.0017371212597936392,0.05316893756389618
350,muon,layers.0.attn.v_proj.weight,18.121822357177734,3.0210583209991455,35.98201820861603,0.19422008097171783,1.147851586341858,1.168820858001709,"[3.0210583209991455, 2.913407802581787, 2.887855291366577, 2.8153879642486572, 2.767470598220825, 2.7605743408203125, 2.7217302322387695, 2.6858229637145996]",0.3416888117790222,0.2811753451824188,0.759753406047821,0.7588615417480469,0.7399059534072876,0.7415899634361267,0.003946021199226379,0.06815418601036072
350,muon,layers.0.attn.o_proj.weight,17.592660903930664,3.1812756061553955,30.581618970197802,0.19904957711696625,1.1560698747634888,1.143147349357605,"[3.1812756061553955, 2.879695177078247, 2.777020215988159, 2.7172958850860596, 2.690077543258667, 2.667937755584717, 2.647520065307617, 2.5949392318725586]",0.34455981850624084,0.25896650552749634,0.9508259296417236,0.9544793963432312,0.6751614809036255,0.6744710206985474,0.0015326389111578465,0.06026971712708473
350,muon,layers.0.mlp.gate_proj.weight,32.911346435546875,4.593283653259277,51.33868837073774,0.143707737326622,1.2887943983078003,1.0888012647628784,"[4.593283653259277, 4.521542072296143, 4.4566192626953125, 4.390791416168213, 4.387621879577637, 4.345064163208008, 4.320095062255859, 4.263921737670898]",0.3622863292694092,0.3392273783683777,0.803205668926239,0.7947971820831299,0.657833456993103,0.6402061581611633,0.0005528730689547956,0.03474178537726402
350,muon,layers.0.mlp.up_proj.weight,34.65938186645508,4.864901065826416,50.75672598135718,0.1424756795167923,1.3236595392227173,1.119120478630066,"[4.864901065826416, 4.713403701782227, 4.6819891929626465, 4.619699954986572, 4.586782455444336, 4.554437637329102, 4.506520748138428, 4.462730884552002]",0.34193453192710876,0.3254190981388092,0.9114004969596863,0.8998888731002808,0.7761582136154175,0.7598354816436768,0.0007629159954376519,0.029902860522270203
350,muon,layers.0.mlp.down_proj.weight,18.22663116455078,3.626007080078125,25.267106738350392,0.1803981214761734,1.1297862529754639,1.5136237144470215,"[3.626007080078125, 2.7833023071289062, 2.6417882442474365, 2.624957323074341, 2.5369818210601807, 2.5311484336853027, 2.503546714782715, 2.4607315063476562]",0.36966410279273987,0.2315421998500824,0.9856309294700623,0.9894837737083435,0.8444283604621887,0.8532665371894836,0.009922985918819904,0.08709943294525146
350,muon,layers.1.attn.q_proj.weight,16.212539672851562,3.252692937850952,24.843682487618825,0.2179470956325531,1.1319098472595215,1.1352498531341553,"[3.252692937850952, 2.7203469276428223, 2.703890323638916, 2.6472103595733643, 2.5549142360687256, 2.4925761222839355, 2.4890387058258057, 2.4600257873535156]",0.39522239565849304,0.2677735984325409,0.9692997932434082,0.9744499921798706,0.668804943561554,0.6689015626907349,0.0035209287889301777,0.04619787260890007
350,muon,layers.1.attn.k_proj.weight,16.200830459594727,3.5986223220825195,20.267585570161064,0.24056753516197205,1.3725343942642212,1.1775686740875244,"[3.5986223220825195, 2.880789279937744, 2.807454824447632, 2.746873140335083, 2.6461920738220215, 2.61672043800354, 2.561530113220215, 2.460458278656006]",0.3880210220813751,0.24644888937473297,0.9772749543190002,0.9802407026290894,0.8401343822479248,0.8376480937004089,0.005371629260480404,0.04873573035001755
350,muon,layers.1.attn.v_proj.weight,21.07853889465332,3.7668609619140625,31.31279439660153,0.2224818766117096,1.2442774772644043,1.1634601354599,"[3.7668609619140625, 3.6825060844421387, 3.5550167560577393, 3.536475419998169, 3.4616446495056152, 3.4148848056793213, 3.3516600131988525, 3.328181266784668]",0.3107629418373108,0.24161505699157715,0.9494540095329285,0.9518963098526001,0.8983463048934937,0.8995853662490845,0.0025080887135118246,0.02959781512618065
350,muon,layers.1.attn.o_proj.weight,20.235631942749023,3.6379644870758057,30.939738067004498,0.22653450071811676,1.1871486902236938,1.2494251728057861,"[3.6379644870758057, 3.50719952583313, 3.494736433029175, 3.4372403621673584, 3.3374149799346924, 3.331434488296509, 3.250819444656372, 3.223952293395996]",0.32670044898986816,0.25288721919059753,0.9349139928817749,0.9329800605773926,0.8096300959587097,0.8089661002159119,0.0020107971504330635,0.027651922777295113
350,muon,layers.1.mlp.gate_proj.weight,39.93836212158203,5.800658702850342,47.4051880965733,0.14854322373867035,1.5427367687225342,1.1136952638626099,"[5.800658702850342, 5.630641937255859, 5.521585464477539, 5.456951141357422, 5.356318473815918, 5.29624080657959, 5.227402687072754, 5.220473766326904]",0.2799836993217468,0.25298354029655457,0.8365926742553711,0.8326336145401001,0.8497095704078674,0.8448609709739685,0.0009728314471431077,0.020638298243284225
350,muon,layers.1.mlp.up_proj.weight,40.68156051635742,5.876786231994629,47.919846752919675,0.1448308378458023,1.5516448020935059,1.1075338125228882,"[5.876786231994629, 5.650815010070801, 5.51838493347168, 5.470711708068848, 5.425992965698242, 5.344614505767822, 5.266624450683594, 5.205801010131836]",0.27440404891967773,0.2561127841472626,0.931320071220398,0.9255428910255432,0.8392632603645325,0.8347650766372681,0.0008675288991071284,0.019624043256044388
350,muon,layers.1.mlp.down_proj.weight,19.862520217895508,3.1787033081054688,39.04529575223685,0.17384633421897888,1.084205985069275,1.4791383743286133,"[3.1787033081054688, 3.0578768253326416, 2.988257884979248, 2.9255588054656982, 2.9051177501678467, 2.8442649841308594, 2.7710611820220947, 2.7265563011169434]",0.3346244692802429,0.26762163639068604,0.8441376686096191,0.8427576422691345,0.8230102062225342,0.8267930746078491,0.008885946124792099,0.059215374290943146
400,muon,layers.0.attn.q_proj.weight,18.404796600341797,3.3008882999420166,31.088544360373312,0.2092265635728836,1.1625595092773438,1.1562460660934448,"[3.3008882999420166, 3.1084847450256348, 3.045816659927368, 2.985246419906616, 2.9018659591674805, 2.846766948699951, 2.817927122116089, 2.767648220062256]",0.3472162187099457,0.26089662313461304,0.906221330165863,0.9080079197883606,0.7747105360031128,0.7721394300460815,0.0012730396119877696,0.05229717120528221
400,muon,layers.0.attn.k_proj.weight,18.699478149414062,3.066598415374756,37.18306276118647,0.19865334033966064,1.1988602876663208,1.1674919128417969,"[3.066598415374756, 3.049626350402832, 3.0197527408599854, 2.952364921569824, 2.9327969551086426, 2.8994691371917725, 2.849740505218506, 2.7918407917022705]",0.3397888243198395,0.2727203667163849,0.5333470702171326,0.523520827293396,0.7145095467567444,0.7103975415229797,0.000915229378733784,0.05152926966547966
400,muon,layers.0.attn.v_proj.weight,19.499053955078125,3.274473190307617,35.46044684978384,0.1947387307882309,1.1435747146606445,1.1640050411224365,"[3.274473190307617, 3.123180866241455, 3.0651426315307617, 3.0354511737823486, 3.015289068222046, 2.9737703800201416, 2.9288766384124756, 2.905702590942383]",0.3151876926422119,0.26023077964782715,0.9483453035354614,0.9501981735229492,0.7351155877113342,0.7377821803092957,0.0020753536373376846,0.058971695601940155
400,muon,layers.0.attn.o_proj.weight,18.976953506469727,3.435537815093994,30.511497322533803,0.19736142456531525,1.1254884004592896,1.1356260776519775,"[3.435537815093994, 3.109593629837036, 2.9850051403045654, 2.933497667312622, 2.8959720134735107, 2.835495948791504, 2.8203125, 2.7759218215942383]",0.3176770806312561,0.24371744692325592,0.949842095375061,0.9488043189048767,0.7512428164482117,0.7488553524017334,0.0036649908870458603,0.05268412083387375
400,muon,layers.0.mlp.gate_proj.weight,34.61113739013672,4.858263969421387,50.7539124718726,0.1457003951072693,1.317703127861023,1.0936176776885986,"[4.858263969421387, 4.805612087249756, 4.741670608520508, 4.686651706695557, 4.623833179473877, 4.59509801864624, 4.540124893188477, 4.504081726074219]",0.3476427495479584,0.32395607233047485,0.8842829465866089,0.8771244883537292,0.7451084852218628,0.7280576229095459,0.000753789150621742,0.031993914395570755
400,muon,layers.0.mlp.up_proj.weight,36.29684829711914,5.063382625579834,51.38736378104647,0.1443915218114853,1.264096975326538,1.088025689125061,"[5.063382625579834, 4.987201690673828, 4.94286584854126, 4.887001991271973, 4.861237525939941, 4.7785139083862305, 4.75205659866333, 4.728389739990234]",0.32604867219924927,0.30172762274742126,0.2030414640903473,0.19733670353889465,0.7320348620414734,0.7153677940368652,0.00042347985436208546,0.027802128344774246
400,muon,layers.0.mlp.down_proj.weight,19.568859100341797,3.9032161235809326,25.135400773970254,0.17975589632987976,1.1104122400283813,1.550336241722107,"[3.9032161235809326, 2.992490291595459, 2.841636896133423, 2.7757630348205566, 2.753567934036255, 2.725292205810547, 2.6539430618286133, 2.610212564468384]",0.3411332368850708,0.2139740139245987,0.9899178743362427,0.9929810762405396,0.8587450981140137,0.8673069477081299,0.003444098634645343,0.0747603178024292
400,muon,layers.1.attn.q_proj.weight,17.11286163330078,3.475842237472534,24.239584158783572,0.22369256615638733,1.1517351865768433,1.1603354215621948,"[3.475842237472534, 2.9598379135131836, 2.9009649753570557, 2.812235116958618, 2.7170443534851074, 2.6780402660369873, 2.647613763809204, 2.6034433841705322]",0.37667614221572876,0.2541874051094055,0.9692510366439819,0.972184419631958,0.7478143572807312,0.7426495552062988,0.0008957095560617745,0.030894942581653595
400,muon,layers.1.attn.k_proj.weight,17.069629669189453,3.940737009048462,18.762611798819016,0.24352353811264038,1.4058830738067627,1.2140828371047974,"[3.940737009048462, 3.0622153282165527, 2.886733293533325, 2.8787825107574463, 2.8081257343292236, 2.724560499191284, 2.67309308052063, 2.6409497261047363]",0.3697510063648224,0.22935128211975098,0.9861437678337097,0.9858940839767456,0.7991546988487244,0.795604944229126,0.0026145202573388815,0.03383714333176613
400,muon,layers.1.attn.v_proj.weight,22.576292037963867,4.062576770782471,30.881761650410297,0.22432830929756165,1.2332196235656738,1.161769151687622,"[4.062576770782471, 3.968167781829834, 3.8386764526367188, 3.766146659851074, 3.7440786361694336, 3.6357016563415527, 3.6270716190338135, 3.5742671489715576]",0.28436046838760376,0.2136034220457077,0.8315473794937134,0.8358911275863647,0.9172163009643555,0.9179934859275818,0.0016170069575309753,0.022127870470285416
400,muon,layers.1.attn.o_proj.weight,21.721532821655273,3.941833734512329,30.365772490050098,0.23000723123550415,1.1414320468902588,1.2488969564437866,"[3.941833734512329, 3.818448066711426, 3.7749719619750977, 3.6887998580932617, 3.6535983085632324, 3.5857110023498535, 3.555820941925049, 3.4200849533081055]",0.2944380044937134,0.2227931022644043,0.9260907173156738,0.9269421100616455,0.8204500079154968,0.820198655128479,0.0012015129905194044,0.023162545636296272
400,muon,layers.1.mlp.gate_proj.weight,42.267398834228516,6.2139573097229,46.267338012661746,0.1511009931564331,1.549678921699524,1.0973221063613892,"[6.2139573097229, 6.021620750427246, 5.900018692016602, 5.845885753631592, 5.734592914581299, 5.647068023681641, 5.59672212600708, 5.476391315460205]",0.2619008719921112,0.23418210446834564,0.8543318510055542,0.8518983125686646,0.7997479438781738,0.7948225140571594,0.0012237206101417542,0.018453288823366165
400,muon,layers.1.mlp.up_proj.weight,43.010284423828125,6.358223915100098,45.75862781432908,0.1484641134738922,1.5700758695602417,1.1083848476409912,"[6.358223915100098, 6.004868984222412, 5.929824352264404, 5.887024402618408, 5.767994403839111, 5.715046405792236, 5.631834983825684, 5.539609432220459]",0.2554188370704651,0.23089292645454407,0.9030200242996216,0.9055493474006653,0.7969852685928345,0.7919909358024597,0.000897103687748313,0.017481084913015366
400,muon,layers.1.mlp.down_proj.weight,21.163307189941406,3.3697352409362793,39.44350610152628,0.17440637946128845,1.0830925703048706,1.5051188468933105,"[3.3697352409362793, 3.223554849624634, 3.201859712600708, 3.145155191421509, 3.104635715484619, 3.0348103046417236, 2.9605324268341064, 2.934309482574463]",0.30756115913391113,0.2500622868537903,0.8253419995307922,0.8241696357727051,0.8928661346435547,0.8979290723800659,0.005234391428530216,0.052412547171115875
450,muon,layers.0.attn.q_proj.weight,19.52092170715332,3.5316779613494873,30.551915820115315,0.20976872742176056,1.137068748474121,1.2039196491241455,"[3.5316779613494873, 3.2873170375823975, 3.189934253692627, 3.151285171508789, 3.1037955284118652, 3.0385689735412598, 3.000657320022583, 2.946176528930664]",0.3288397789001465,0.2434624582529068,0.9686132073402405,0.9660771489143372,0.8113758563995361,0.8098119497299194,0.002644133288413286,0.0602874718606472
450,muon,layers.0.attn.k_proj.weight,19.810266494750977,3.2817413806915283,36.4394597226586,0.19801002740859985,1.182277798652649,1.154141902923584,"[3.2817413806915283, 3.221541404724121, 3.162653923034668, 3.1219403743743896, 3.096369981765747, 3.0295515060424805, 3.0196564197540283, 2.987851619720459]",0.3218858242034912,0.2616511881351471,0.4459691643714905,0.4390653371810913,0.7237394452095032,0.7217210531234741,0.0012854491360485554,0.06348410993814468
450,muon,layers.0.attn.v_proj.weight,20.76927375793457,3.466371774673462,35.89982586754926,0.19404847919940948,1.1455793380737305,1.1454598903656006,"[3.466371774673462, 3.36470103263855, 3.271333932876587, 3.204394578933716, 3.2011053562164307, 3.1453988552093506, 3.1334798336029053, 3.072340965270996]",0.2961044907569885,0.24104425311088562,0.9298551678657532,0.9295060634613037,0.7486270070075989,0.7456471920013428,0.002599016996100545,0.06094352900981903
450,muon,layers.0.attn.o_proj.weight,20.194454193115234,3.673656463623047,30.218100170858463,0.19860145449638367,1.1449857950210571,1.139904260635376,"[3.673656463623047, 3.272325038909912, 3.227147340774536, 3.1269567012786865, 3.057650089263916, 3.048875570297241, 3.001507520675659, 2.9904398918151855]",0.2961527705192566,0.22691673040390015,0.9791905879974365,0.9794800877571106,0.7729572653770447,0.7731726169586182,0.0035684939939528704,0.054661013185977936
450,muon,layers.0.mlp.gate_proj.weight,36.096553802490234,5.139676094055176,49.324192214255085,0.14772360026836395,1.3063119649887085,1.1070241928100586,"[5.139676094055176, 5.07098388671875, 5.008712291717529, 4.873430252075195, 4.857358932495117, 4.806218147277832, 4.771428108215332, 4.6956586837768555]",0.32902956008911133,0.3082387447357178,0.6871635913848877,0.6783146262168884,0.7811447978019714,0.7633503079414368,0.0006777025409974158,0.033779021352529526
450,muon,layers.0.mlp.up_proj.weight,37.8525276184082,5.336941719055176,50.30426983202688,0.1451336145401001,1.2616989612579346,1.0923947095870972,"[5.336941719055176, 5.244505405426025, 5.123105525970459, 5.061102867126465, 5.053827285766602, 5.024113178253174, 5.0114569664001465, 4.919686317443848]",0.3122958540916443,0.29236042499542236,0.8647579550743103,0.8579354286193848,0.7482730746269226,0.7349853515625,0.0005762585788033903,0.029427286237478256
450,muon,layers.0.mlp.down_proj.weight,20.827072143554688,4.1330156326293945,25.393487303133586,0.1775914579629898,1.0994493961334229,1.4989323616027832,"[4.1330156326293945, 3.1195144653320312, 3.0191211700439453, 2.9697322845458984, 2.914970874786377, 2.879138469696045, 2.8082902431488037, 2.759114980697632]",0.31803882122039795,0.20069286227226257,0.991461992263794,0.9934749603271484,0.874089777469635,0.8790927529335022,0.004327265080064535,0.07838089019060135
450,muon,layers.1.attn.q_proj.weight,18.08072853088379,3.679243326187134,24.149871802383704,0.22466520965099335,1.1740810871124268,1.1711012125015259,"[3.679243326187134, 3.166497230529785, 3.0499038696289062, 2.9778807163238525, 2.8891801834106445, 2.8750035762786865, 2.762953758239746, 2.73235821723938]",0.35545313358306885,0.23553059995174408,0.9789713621139526,0.9815375208854675,0.7959515452384949,0.795086681842804,0.001544731087051332,0.03806687891483307
450,muon,layers.1.attn.k_proj.weight,17.956117630004883,4.2708210945129395,17.676738014086954,0.24448896944522858,1.4386725425720215,1.2071545124053955,"[4.2708210945129395, 3.2118396759033203, 3.054387331008911, 2.9271295070648193, 2.9205708503723145, 2.8714797496795654, 2.8293917179107666, 2.7558748722076416]",0.3499390482902527,0.20791447162628174,0.9866645932197571,0.9864615797996521,0.7756452560424805,0.7760128974914551,0.003602716838940978,0.039906781166791916
450,muon,layers.1.attn.v_proj.weight,24.120521545410156,4.371588706970215,30.443515202712835,0.22986207902431488,1.212411642074585,1.1307777166366577,"[4.371588706970215, 4.304458141326904, 4.186359882354736, 4.138864994049072, 4.0346221923828125, 3.947007894515991, 3.873788833618164, 3.8177778720855713]",0.26458483934402466,0.1983250081539154,0.8875118494033813,0.8929870128631592,0.894077718257904,0.8950701355934143,0.0019391223322600126,0.02501264587044716
450,muon,layers.1.attn.o_proj.weight,23.314170837402344,4.194390773773193,30.895993862937676,0.23301662504673004,1.1784409284591675,1.2291418313980103,"[4.194390773773193, 4.1118974685668945, 4.094936847686768, 4.052412986755371, 3.976306915283203, 3.8422462940216064, 3.7831978797912598, 3.752164125442505]",0.2768263518810272,0.20477800071239471,0.7548112273216248,0.7523194551467896,0.8795808553695679,0.878473162651062,0.0017066537402570248,0.025074612349271774
450,muon,layers.1.mlp.gate_proj.weight,44.55202102661133,6.52691125869751,46.59286367723222,0.15357346832752228,1.6131807565689087,1.1042165756225586,"[6.52691125869751, 6.370737075805664, 6.2874956130981445, 6.206257343292236, 6.092813014984131, 6.076801300048828, 5.936285018920898, 5.856535911560059]",0.24612067639827728,0.21768999099731445,0.9256972670555115,0.9203253984451294,0.7962678074836731,0.7915862202644348,0.0009027485502883792,0.019669251516461372
450,muon,layers.1.mlp.up_proj.weight,45.28289794921875,6.746664047241211,45.04952904694706,0.150504931807518,1.5823322534561157,1.111127257347107,"[6.746664047241211, 6.40085506439209, 6.284809589385986, 6.195164203643799, 6.073586940765381, 6.061117172241211, 5.981575965881348, 5.902931213378906]",0.2402048408985138,0.21173325181007385,0.9686602354049683,0.9674026966094971,0.8145939111709595,0.8095537424087524,0.0004557933716569096,0.018478767946362495
450,muon,layers.1.mlp.down_proj.weight,22.462007522583008,3.6482367515563965,37.908020662289566,0.1757214516401291,1.0873085260391235,1.5657223463058472,"[3.6482367515563965, 3.4395101070404053, 3.3928589820861816, 3.329655170440674, 3.2892262935638428, 3.225329875946045, 3.157931327819824, 3.118751049041748]",0.2893396019935608,0.23594847321510315,0.9491888284683228,0.9496096968650818,0.8548333048820496,0.8562232851982117,0.0038219504058361053,0.05111752822995186
500,muon,layers.0.attn.q_proj.weight,20.53772735595703,3.72037935256958,30.474059941165017,0.2119656354188919,1.140605092048645,1.176378846168518,"[3.72037935256958, 3.490816831588745, 3.3514745235443115, 3.3393869400024414, 3.2696096897125244, 3.2178313732147217, 3.1674959659576416, 3.1492879390716553]",0.3110562264919281,0.22625935077667236,0.9603197574615479,0.9633854031562805,0.794039249420166,0.7930055856704712,0.0015507350908592343,0.06376415491104126
500,muon,layers.0.attn.k_proj.weight,20.779481887817383,3.4849371910095215,35.553267382672715,0.20025469362735748,1.1540559530258179,1.1714937686920166,"[3.4849371910095215, 3.391087532043457, 3.325662612915039, 3.300924301147461, 3.255781412124634, 3.2083919048309326, 3.165489912033081, 3.154796838760376]",0.3038082718849182,0.2456631064414978,0.9104466438293457,0.9053211808204651,0.7066686153411865,0.709279477596283,0.0017354153096675873,0.06309545785188675
500,muon,layers.0.attn.v_proj.weight,21.935585021972656,3.6659038066864014,35.804392822404154,0.1939079314470291,1.1453123092651367,1.144290566444397,"[3.6659038066864014, 3.5744404792785645, 3.4829671382904053, 3.4035120010375977, 3.357539653778076, 3.313347578048706, 3.276285409927368, 3.2228615283966064]",0.2740173041820526,0.22683636844158173,0.9477031230926514,0.9484333992004395,0.7612606883049011,0.7623884081840515,0.0016534370370209217,0.056442469358444214
500,muon,layers.0.attn.o_proj.weight,21.318334579467773,3.8677682876586914,30.37985183132958,0.20064735412597656,1.1566840410232544,1.13791823387146,"[3.8677682876586914, 3.4673399925231934, 3.388108253479004, 3.362565755844116, 3.273698329925537, 3.250030279159546, 3.1941611766815186, 3.1524338722229004]",0.27702322602272034,0.20822153985500336,0.9706276059150696,0.9716678857803345,0.7964900732040405,0.7991151809692383,0.0030261119827628136,0.04991292580962181
500,muon,layers.0.mlp.gate_proj.weight,37.644012451171875,5.30079460144043,50.43242650717736,0.14709945023059845,1.3364542722702026,1.1171624660491943,"[5.30079460144043, 5.256400108337402, 5.2067646980285645, 5.126784801483154, 5.098851680755615, 4.972652912139893, 4.935547351837158, 4.923696517944336]",0.3171635866165161,0.2903237044811249,0.3203393816947937,0.3120042681694031,0.7650776505470276,0.7523074746131897,0.0006344860303215683,0.0325205996632576
500,muon,layers.0.mlp.up_proj.weight,39.38994598388672,5.5691752433776855,50.025219476452335,0.14659130573272705,1.2421903610229492,1.1046192646026611,"[5.5691752433776855, 5.442254066467285, 5.395143032073975, 5.356517791748047, 5.285248756408691, 5.252302169799805, 5.195309162139893, 5.147911071777344]",0.29964765906333923,0.277319997549057,0.8451677560806274,0.8422635793685913,0.7987525463104248,0.7881705164909363,0.0006452960660681129,0.02771771512925625
500,muon,layers.0.mlp.down_proj.weight,22.03531837463379,4.415848731994629,24.90062704886815,0.17603275179862976,1.1146724224090576,1.5627423524856567,"[4.415848731994629, 3.275176763534546, 3.147268772125244, 3.111828327178955, 3.0848381519317627, 3.0242714881896973, 2.916757583618164, 2.9134950637817383]",0.29708218574523926,0.18660427629947662,0.9904508590698242,0.9944814443588257,0.8945949673652649,0.9019322991371155,0.004161489196121693,0.07146254926919937
500,muon,layers.1.attn.q_proj.weight,18.946659088134766,4.011488914489746,22.3076637107321,0.22911834716796875,1.160882592201233,1.1908886432647705,"[4.011488914489746, 3.2665913105010986, 3.1543006896972656, 3.1206655502319336, 3.098933696746826, 3.0658206939697266, 2.9364094734191895, 2.858675956726074]",0.33704203367233276,0.2210541069507599,0.9814345240592957,0.9863721132278442,0.7770328521728516,0.7779718637466431,0.0012658343184739351,0.03185364976525307
500,muon,layers.1.attn.k_proj.weight,18.821455001831055,4.643883228302002,16.426453399873235,0.24800491333007812,1.477197527885437,1.2116445302963257,"[4.643883228302002, 3.335622549057007, 3.180363893508911, 3.114795207977295, 3.050187587738037, 2.976761817932129, 2.958169460296631, 2.903597831726074]",0.33544686436653137,0.1914939433336258,0.9920082092285156,0.9913711547851562,0.8030776977539062,0.8075021505355835,0.0016399173764511943,0.04061447083950043
500,muon,layers.1.attn.v_proj.weight,25.675931930541992,4.7235846519470215,29.546702930849083,0.22998933494091034,1.209411382675171,1.136570692062378,"[4.7235846519470215, 4.608620643615723, 4.393026828765869, 4.356882572174072, 4.2633466720581055, 4.223925590515137, 4.1774678230285645, 4.039759635925293]",0.2503446638584137,0.1880790889263153,0.9531155824661255,0.9554990530014038,0.8731480240821838,0.8745666742324829,0.0012914532562717795,0.01996408775448799
500,muon,layers.1.attn.o_proj.weight,24.892534255981445,4.545863628387451,29.985094410932273,0.23276805877685547,1.1829684972763062,1.228310465812683,"[4.545863628387451, 4.394160270690918, 4.325274467468262, 4.2844929695129395, 4.238979339599609, 4.19869327545166, 4.000533580780029, 3.9485902786254883]",0.25766509771347046,0.1942426562309265,0.9419283270835876,0.938947319984436,0.9162126183509827,0.9166282415390015,0.0016167041612789035,0.01981775462627411
500,muon,layers.1.mlp.gate_proj.weight,46.68956756591797,6.839243412017822,46.60404163687246,0.15353909134864807,1.6372036933898926,1.1002346277236938,"[6.839243412017822, 6.699832439422607, 6.573764801025391, 6.450040817260742, 6.377104759216309, 6.29248046875, 6.256657123565674, 6.230042934417725]",0.23432016372680664,0.2077426314353943,0.8562077283859253,0.8556160926818848,0.8746613264083862,0.871103048324585,0.0006235765176825225,0.018227139487862587
500,muon,layers.1.mlp.up_proj.weight,47.52411651611328,7.089212894439697,44.93989635627873,0.15214598178863525,1.5847071409225464,1.1079225540161133,"[7.089212894439697, 6.710619926452637, 6.644099712371826, 6.583404064178467, 6.455809593200684, 6.3669753074646, 6.295646667480469, 6.245179653167725]",0.22831319272518158,0.19726485013961792,0.9656522870063782,0.9636319875717163,0.8548499345779419,0.8504576086997986,0.0004080516519024968,0.0189500879496336
500,muon,layers.1.mlp.down_proj.weight,23.697519302368164,3.822019577026367,38.44323769354805,0.17671717703342438,1.1082631349563599,1.5120331048965454,"[3.822019577026367, 3.6306264400482178, 3.5813777446746826, 3.5280282497406006, 3.4932034015655518, 3.441221237182617, 3.3345253467559814, 3.3186452388763428]",0.2696175277233124,0.21817903220653534,0.9714870452880859,0.9726969003677368,0.8316600322723389,0.8332015872001648,0.004636483732610941,0.05228448286652565
550,muon,layers.0.attn.q_proj.weight,21.55377769470215,3.9223036766052246,30.197039594443574,0.2116924524307251,1.148193120956421,1.1541873216629028,"[3.9223036766052246, 3.648124933242798, 3.5927488803863525, 3.4677979946136475, 3.421232223510742, 3.3881099224090576, 3.3101513385772705, 3.252234697341919]",0.29719698429107666,0.215671569108963,0.9694449305534363,0.96806401014328,0.8645728230476379,0.861340343952179,0.001017156639136374,0.05297411233186722
550,muon,layers.0.attn.k_proj.weight,21.76924705505371,3.682638168334961,34.94368615728955,0.20319204032421112,1.1328694820404053,1.1540470123291016,"[3.682638168334961, 3.6008992195129395, 3.5266621112823486, 3.4668211936950684, 3.397646188735962, 3.3873019218444824, 3.3493552207946777, 3.3275039196014404]",0.28874069452285767,0.23092620074748993,0.9436992406845093,0.9418296813964844,0.8344748020172119,0.8322259187698364,0.001553940586745739,0.057384613901376724
550,muon,layers.0.attn.v_proj.weight,23.05778694152832,3.8794679641723633,35.32571037700025,0.1944391131401062,1.163270115852356,1.1459219455718994,"[3.8794679641723633, 3.7449684143066406, 3.6416635513305664, 3.5969221591949463, 3.5650906562805176, 3.4841957092285156, 3.4356603622436523, 3.3834729194641113]",0.25965791940689087,0.21508574485778809,0.8672099709510803,0.8584152460098267,0.7636027336120605,0.7653067111968994,0.0028753119986504316,0.056683119386434555
550,muon,layers.0.attn.o_proj.weight,22.42900276184082,4.068554878234863,30.39062083956319,0.19991032779216766,1.1443705558776855,1.1273506879806519,"[4.068554878234863, 3.679635524749756, 3.571385622024536, 3.4641523361206055, 3.4446959495544434, 3.407853603363037, 3.359482526779175, 3.30958890914917]",0.26231661438941956,0.20214805006980896,0.9791980385780334,0.9803802967071533,0.8214897513389587,0.8224159479141235,0.004205307923257351,0.05053506791591644
550,muon,layers.0.mlp.gate_proj.weight,39.06207275390625,5.55243444442749,49.49298980444422,0.14629296958446503,1.3431328535079956,1.1062159538269043,"[5.55243444442749, 5.357088565826416, 5.330728054046631, 5.308929443359375, 5.245288372039795, 5.198163986206055, 5.1340436935424805, 5.118495941162109]",0.3045561909675598,0.2817089259624481,0.8812943696975708,0.8739750385284424,0.7481489181518555,0.7346476316452026,0.000622083549387753,0.03377000242471695
550,muon,layers.0.mlp.up_proj.weight,40.8450813293457,5.734094619750977,50.73992490741841,0.14712849259376526,1.3385416269302368,1.0984033346176147,"[5.734094619750977, 5.708408355712891, 5.571987152099609, 5.559520721435547, 5.4971923828125, 5.455180644989014, 5.4189581871032715, 5.356598854064941]",0.2876569926738739,0.2638263404369354,0.3504555821418762,0.34432917833328247,0.7638145089149475,0.7515009045600891,0.0006266444688662887,0.029302051290869713
550,muon,layers.0.mlp.down_proj.weight,23.16054916381836,4.619445323944092,25.137266145782714,0.17532114684581757,1.1129003763198853,1.4236068725585938,"[4.619445323944092, 3.449629783630371, 3.360239028930664, 3.271798849105835, 3.20503306388855, 3.1494994163513184, 3.0704357624053955, 3.0314888954162598]",0.28130412101745605,0.1747003048658371,0.9930212497711182,0.9951409101486206,0.8108206391334534,0.8162413835525513,0.0036162480246275663,0.0761130154132843
550,muon,layers.1.attn.q_proj.weight,19.852018356323242,4.187333583831787,22.47678624991807,0.22946377098560333,1.1852058172225952,1.1763488054275513,"[4.187333583831787, 3.399144172668457, 3.377797842025757, 3.2948434352874756, 3.2282323837280273, 3.179492712020874, 3.0873703956604004, 3.002717971801758]",0.3188081979751587,0.20217540860176086,0.9827390909194946,0.9870099425315857,0.7761081457138062,0.7764592170715332,0.0008527151658199728,0.03392058610916138
550,muon,layers.1.attn.k_proj.weight,19.657060623168945,4.971823692321777,15.631682125358639,0.2522827982902527,1.5026702880859375,1.2246118783950806,"[4.971823692321777, 3.5393104553222656, 3.3232452869415283, 3.2440345287323, 3.226606607437134, 3.134701728820801, 3.0979580879211426, 2.9721875190734863]",0.31530439853668213,0.17298415303230286,0.9922794103622437,0.9926421642303467,0.8358307480812073,0.8352323174476624,0.002747011138126254,0.041749149560928345
550,muon,layers.1.attn.v_proj.weight,27.26665496826172,5.019372463226318,29.509705660586885,0.22934216260910034,1.2159714698791504,1.1647151708602905,"[5.019372463226318, 4.924100875854492, 4.659417629241943, 4.608282089233398, 4.49790620803833, 4.451529026031494, 4.416163444519043, 4.309521198272705]",0.23129914700984955,0.17157620191574097,0.8913586139678955,0.8928207755088806,0.946007251739502,0.9470639824867249,0.0009233986493200064,0.020760301500558853
550,muon,layers.1.attn.o_proj.weight,26.421287536621094,4.75469970703125,30.878896234387614,0.23160672187805176,1.1866800785064697,1.2409611940383911,"[4.75469970703125, 4.648484706878662, 4.59210729598999, 4.54793643951416, 4.490796089172363, 4.400875091552734, 4.310081958770752, 4.193138122558594]",0.2365506887435913,0.17660561203956604,0.9693431854248047,0.9704540967941284,0.9315756559371948,0.9306622743606567,0.0010693104704841971,0.022481245920062065
550,muon,layers.1.mlp.gate_proj.weight,48.6943359375,7.206228733062744,45.66051538902203,0.15494468808174133,1.6750606298446655,1.0988882780075073,"[7.206228733062744, 7.041260719299316, 6.869174480438232, 6.754318714141846, 6.7228593826293945, 6.579272747039795, 6.530894756317139, 6.4763875007629395]",0.2221321314573288,0.19660276174545288,0.7884954214096069,0.7775654792785645,0.8597850799560547,0.8568491339683533,0.0003085795615334064,0.019805211573839188
550,muon,layers.1.mlp.up_proj.weight,49.718936920166016,7.410017490386963,45.01997007622136,0.1545221507549286,1.6159250736236572,1.1130014657974243,"[7.410017490386963, 7.128224849700928, 7.074573993682861, 6.898558616638184, 6.82567024230957, 6.724413871765137, 6.634722709655762, 6.541260719299316]",0.21640028059482574,0.1886187046766281,0.9717369079589844,0.9703656435012817,0.9058482050895691,0.901482880115509,0.0004992329049855471,0.018545346334576607
550,muon,layers.1.mlp.down_proj.weight,24.82594871520996,4.038571834564209,37.78818940827507,0.1771368831396103,1.0894973278045654,1.5238139629364014,"[4.038571834564209, 3.8177266120910645, 3.7297005653381348, 3.669793128967285, 3.6398305892944336, 3.6037237644195557, 3.557924747467041, 3.4665791988372803]",0.25449058413505554,0.2080419510602951,0.9628099799156189,0.9658778309822083,0.9108564257621765,0.911817729473114,0.00456538051366806,0.06330859661102295
600,muon,layers.0.attn.q_proj.weight,22.50010108947754,4.054422378540039,30.797180473936344,0.20965410768985748,1.162416696548462,1.157753348350525,"[4.054422378540039, 3.7735087871551514, 3.726547956466675, 3.635227680206299, 3.572293996810913, 3.506863832473755, 3.442427635192871, 3.3836236000061035]",0.2817046046257019,0.20360811054706573,0.9655173420906067,0.963918924331665,0.7874475121498108,0.7898691296577454,0.0019501385977491736,0.05737198516726494
600,muon,layers.0.attn.k_proj.weight,22.737796783447266,3.8078184127807617,35.65695904962867,0.20326562225818634,1.137421727180481,1.1491971015930176,"[3.8078184127807617, 3.772139310836792, 3.7439048290252686, 3.6582438945770264, 3.5526235103607178, 3.5460264682769775, 3.4517879486083984, 3.442595958709717]",0.27940815687179565,0.21991002559661865,0.7746656537055969,0.7754496932029724,0.7813776731491089,0.7790424823760986,0.0008783183875493705,0.054088834673166275
600,muon,layers.0.attn.v_proj.weight,24.10478973388672,4.075652122497559,34.9794099727529,0.19767765700817108,1.1729217767715454,1.1342793703079224,"[4.075652122497559, 3.9931907653808594, 3.850586175918579, 3.8026247024536133, 3.7045629024505615, 3.6609225273132324, 3.6398134231567383, 3.5554065704345703]",0.24430608749389648,0.2008398026227951,0.9416167736053467,0.9407572746276855,0.8204324245452881,0.822235643863678,0.0030375870410352945,0.055792249739170074
600,muon,layers.0.attn.o_proj.weight,23.442441940307617,4.260167121887207,30.279759779841854,0.2008177936077118,1.1400219202041626,1.1480512619018555,"[4.260167121887207, 3.8794167041778564, 3.726914882659912, 3.636705160140991, 3.6265509128570557, 3.56913685798645, 3.4814882278442383, 3.46889066696167]",0.24690088629722595,0.1902623325586319,0.9763698577880859,0.9760815501213074,0.8553415536880493,0.8539237380027771,0.002051899442449212,0.049078505486249924
600,muon,layers.0.mlp.gate_proj.weight,40.42280960083008,5.701464653015137,50.26667046368823,0.1462826281785965,1.3151462078094482,1.1002180576324463,"[5.701464653015137, 5.593293190002441, 5.540765285491943, 5.470174312591553, 5.451177597045898, 5.37052583694458, 5.317727088928223, 5.270280838012695]",0.2924167513847351,0.26411882042884827,0.8399690389633179,0.8306369185447693,0.7691292762756348,0.7559179663658142,0.0007427594973705709,0.03264789283275604
600,muon,layers.0.mlp.up_proj.weight,42.25924301147461,5.974240779876709,50.03546988020984,0.14681564271450043,1.25730299949646,1.1056736707687378,"[5.974240779876709, 5.855502605438232, 5.828356742858887, 5.700235366821289, 5.669806957244873, 5.610627174377441, 5.588561058044434, 5.557994842529297]",0.27721595764160156,0.25838783383369446,0.9174708127975464,0.9095991253852844,0.8098433613777161,0.8000016212463379,0.0004892789875157177,0.028219765052199364
600,muon,layers.0.mlp.down_proj.weight,24.253999710083008,4.850826740264893,24.999723777246583,0.17267213761806488,1.11419677734375,1.4345636367797852,"[4.850826740264893, 3.5314996242523193, 3.480794906616211, 3.361640691757202, 3.3060123920440674, 3.273681402206421, 3.2177295684814453, 3.186915636062622]",0.2690655291080475,0.16568532586097717,0.9917801022529602,0.9938249588012695,0.8274573683738708,0.8341479897499084,0.006016618572175503,0.07504650950431824
600,muon,layers.1.attn.q_proj.weight,20.623516082763672,4.382056713104248,22.149780738559183,0.23021021485328674,1.223007321357727,1.1690107583999634,"[4.382056713104248, 3.575833797454834, 3.495278835296631, 3.3931379318237305, 3.3396928310394287, 3.2778685092926025, 3.2193922996520996, 3.151721477508545]",0.3069833219051361,0.19617865979671478,0.9848785400390625,0.9874299764633179,0.8102940320968628,0.8123725652694702,0.0009214197634719312,0.03504876047372818
600,muon,layers.1.attn.k_proj.weight,20.462472915649414,5.163758277893066,15.703064942419397,0.24905647337436676,1.4538098573684692,1.2118122577667236,"[5.163758277893066, 3.5923497676849365, 3.5779383182525635, 3.394082546234131, 3.2741878032684326, 3.204594850540161, 3.1400504112243652, 3.0891125202178955]",0.3053223490715027,0.16435301303863525,0.9908735752105713,0.9910575151443481,0.8031601905822754,0.8039410710334778,0.0017138303956016898,0.04364620894193649
600,muon,layers.1.attn.v_proj.weight,28.727304458618164,5.2380146980285645,30.07851069782411,0.22793403267860413,1.2402534484863281,1.168666958808899,"[5.2380146980285645, 5.143100738525391, 4.895275592803955, 4.818917274475098, 4.782719135284424, 4.712790012359619, 4.6260085105896, 4.532735347747803]",0.21984119713306427,0.1639961451292038,0.8829742074012756,0.8846110701560974,0.9310568571090698,0.9282589554786682,0.0017934499774128199,0.01919659972190857
600,muon,layers.1.attn.o_proj.weight,27.814342498779297,5.036747932434082,30.49559860365627,0.2311399281024933,1.1862046718597412,1.2783849239349365,"[5.036747932434082, 4.8644280433654785, 4.816073894500732, 4.799788475036621, 4.685506343841553, 4.602763652801514, 4.533727169036865, 4.456490516662598]",0.22313907742500305,0.16943156719207764,0.9702663421630859,0.9730632305145264,0.9284245371818542,0.930917501449585,0.0013139629736542702,0.020722849294543266
600,muon,layers.1.mlp.gate_proj.weight,50.71464157104492,7.574855804443359,44.82476081860844,0.15524263679981232,1.6842527389526367,1.1128871440887451,"[7.574855804443359, 7.2821502685546875, 7.149875640869141, 7.045854568481445, 7.003438472747803, 6.85990047454834, 6.811218738555908, 6.753389358520508]",0.21300385892391205,0.18824723362922668,0.9567400217056274,0.959150493144989,0.8919596076011658,0.890826404094696,0.0006128062959760427,0.01858624257147312
600,muon,layers.1.mlp.up_proj.weight,51.76394271850586,7.756875038146973,44.53291314841484,0.1553048938512802,1.6229450702667236,1.1054742336273193,"[7.756875038146973, 7.409779071807861, 7.332717418670654, 7.2536115646362305, 7.159590244293213, 7.0028977394104, 6.9621262550354, 6.7758097648620605]",0.20641356706619263,0.17908398807048798,0.9780100584030151,0.9750839471817017,0.8516793251037598,0.8493216037750244,0.0004984986153431237,0.018017997965216637
600,muon,layers.1.mlp.down_proj.weight,25.915206909179688,4.191403388977051,38.22878020297698,0.1772773265838623,1.1017570495605469,1.5306321382522583,"[4.191403388977051, 3.99815034866333, 3.9223105907440186, 3.855605363845825, 3.78581166267395, 3.7565488815307617, 3.7335269451141357, 3.5878384113311768]",0.24332571029663086,0.1949053257703781,0.965080201625824,0.9635368585586548,0.9337575435638428,0.9342748522758484,0.004386615008115768,0.0586293563246727
